"t","y","x"
1,-0.79446845607247,-0.560475646552213
2,-1.45976591001689,-0.23017748948328
3,-0.4358933379161,1.55870831414912
4,0.102566766385353,0.070508391424576
5,1.52161080598134,0.129287735160946
6,2.88499770415783,1.71506498688328
7,1.58602645340068,0.460916205989202
8,0.676117165365591,-1.26506123460653
9,0.168030558241368,-0.686852851893526
10,-0.282029257692297,-0.445661970099958
11,1.75525260684703,1.22408179743946
12,0.264562530614246,0.359813827057364
13,2.51493862274938,0.400771450594052
14,1.88520879222336,0.11068271594512
15,1.51752546322774,-0.555841134754075
16,1.71174108508531,1.78691313680308
17,0.547335711029989,0.497850478229239
18,-1.7914373802793,-1.96661715662964
19,-0.0979375989660227,0.701355901563685
20,0.168555816236991,-0.472791407727934
21,0.373858555238628,-1.06782370598685
22,0.0449153413785367,-0.217974914658295
23,-0.893892235912243,-1.02600444830724
24,-0.833267341219467,-0.72889122929114
25,1.15536582731999,-0.625039267849257
26,-0.653130453165716,-1.68669331074241
27,0.672993269410908,0.837787044494525
28,2.45691820361174,0.153373117836515
29,1.29611879745065,-1.13813693701195
30,0.872697842883208,1.25381492106993
31,0.0205159431081159,0.426464221476814
32,0.503022920067539,-0.295071482992271
33,0.82735102194731,0.895125661045022
34,0.443042114214097,0.878133487533042
35,0.369656066003588,0.821581081637487
36,0.706022641818658,0.688640254100091
37,2.42865935825265,0.553917653537589
38,1.68666940461145,-0.0619117105767217
39,2.43015584621143,-0.305962663739917
40,2.54871463980135,-0.380471001012383
41,1.75627171324888,-0.694706978920513
42,0.135676999995997,-0.207917278019599
43,-0.686070546032595,-1.26539635156826
44,0.857246870356858,2.16895596533851
45,0.792073653295344,1.20796199830499
46,1.17030924396514,-1.12310858320335
47,3.60394103107833,-0.402884835299076
48,4.27802179628166,-0.466655353623219
49,3.71477622600451,0.779965118336318
50,0.829143637991891,-0.0833690664718292
51,0.647459112785098,0.253318513994755
52,0.739493744450347,-0.028546755348703
53,1.65121476090907,-0.0428704572913161
54,3.11768410317981,1.36860228401446
55,2.57479200940764,-0.225770985659268
56,1.54433520398139,1.51647060442954
57,0.925536574754879,-1.54875280423022
58,1.3356887421998,0.584613749636069
59,1.2670971292508,0.123854243844614
60,1.32614096667567,0.215941568743973
61,1.77070563396302,0.379639482759882
62,1.18013338107965,-0.502323453109302
63,-0.532172214076365,-0.33320738366942
64,0.27131030765074,-1.01857538310709
65,0.696549554554886,-1.07179122647558
66,1.04882431287878,0.303528641404258
67,1.27019139488505,0.448209778629426
68,1.19280131263295,0.0530042267305041
69,1.79856264198826,0.922267467879738
70,3.90208874442493,2.05008468562714
71,1.84936651916621,-0.491031166056535
72,0.779898417600384,-2.30916887564081
73,3.32539113409477,1.00573852446226
74,2.97534595239027,-0.709200762582392
75,3.43222123572371,-0.688008616467358
76,2.87867556455896,1.0255713696967
77,3.81621914256475,-0.284773007051009
78,2.5273659670661,-1.22071771225454
79,4.45391096081679,0.18130347974915
80,1.93393308740932,-0.138891362439045
81,1.72623081734437,0.00576418589988693
82,2.94889887860848,0.385280401126331
83,1.32880887151272,-0.370660031792409
84,0.929396527227921,0.644376548518833
85,-0.323736207438316,-0.220486561818751
86,-0.736067345951146,0.331781963915697
87,-0.220110856142021,1.09683901314935
88,0.310798664474197,0.435181490833803
89,-1.81193074734623,-0.325931585531227
90,-0.0678912256085902,1.14880761845109
91,1.58382045001373,0.993503855962119
92,3.37272046341734,0.54839695950807
93,3.88950724832062,0.238731735111441
94,3.38192069231171,-0.627906076039371
95,1.84070743638265,1.36065244853001
96,0.210630346902006,-0.600259587147127
97,1.39915213825857,2.18733299301658
98,1.98366916507469,1.53261062618519
99,0.928633182833451,-0.235700359100477
100,-0.739320724544979,-1.02642090030678
101,1.47095523417035,-0.710406563699301
102,2.61814410758823,0.25688370915653
103,2.15687591036681,-0.246691878462374
104,2.94049260534555,-0.347542599397733
105,0.665401162663608,-0.951618567265016
106,1.73715374779262,-0.0450277248089203
107,0.616402716095997,-0.784904469457076
108,0.855973019133819,-1.66794193658814
109,1.23202557639557,-0.380226520287762
110,2.38795620313945,0.918996609060766
111,2.69776466278154,-0.575346962608392
112,2.70107895228943,0.607964322225033
113,2.18658503663135,-1.61788270828916
114,1.1806534556329,-0.0555619655245394
115,0.684003268412337,0.519407203943462
116,2.26680415897996,0.301153362166714
117,2.21158530462602,0.105676194148943
118,-0.561452779300333,-0.640706008305376
119,-1.65765946770252,-0.849704346033582
120,-1.27581051717159,-1.02412879060491
121,0.68998041757616,0.117646597100126
122,0.166189420510644,-0.947474614184802
123,1.12685745949245,-0.490557443700668
124,2.09145460862865,-0.256092192198247
125,4.44663632478848,1.84386200523221
126,2.4973355079479,-0.651949901695458
127,2.34202870111847,0.235386572284857
128,0.142777856122815,0.0779608495637108
129,-0.00894252103856541,-0.961856634130129
130,0.0228859562611867,-0.0713080861235987
131,0.0892438459336735,1.44455085842335
132,-0.0972763128025336,0.451504053079215
133,1.10943979620063,0.0412329219929399
134,-1.14182057021548,-0.422496832339625
135,-1.80530340580766,-2.05324722154052
136,0.437230033763615,1.13133721341418
137,-1.41343460657779,-1.46064007092482
138,0.525696498157124,0.739947510877335
139,1.77498762512739,1.90910356921748
140,0.119322348601164,-1.4438931609718
141,-1.22611777571173,0.701784335374711
142,1.63645244078605,-0.262197489402468
143,0.545914492800152,-1.57214415914549
144,1.12625005535782,-1.51466765378175
145,1.09150712182334,-1.60153617357459
146,2.38381261976064,-0.530906522170303
147,2.24126777046819,-1.4617555849959
148,2.51466710933571,0.687916772975828
149,3.2477183484648,2.10010894052567
150,0.249440645599891,-1.28703047603518
151,2.17586155316914,0.787738847475178
152,1.47087727221819,0.76904224100091
153,3.64332394946568,0.332202578950118
154,0.578818662166746,-1.00837660827701
155,0.534391330132331,-0.119452606630659
156,1.40106453858748,-0.280395335170247
157,2.17051085780973,0.56298953322048
158,0.846610847272726,-0.372438756103829
159,0.514687108862536,0.976973386685621
160,0.275525566690998,-0.374580857767014
161,1.13601951652491,1.05271146557933
162,-1.58810509198243,-1.04917700666607
163,-1.03998816729978,-1.26015524475811
164,1.82381290171915,3.2410399349424
165,0.408602656875191,-0.416857588160432
166,-0.173981231163539,0.298227591540715
167,0.868251596465825,0.636569674033849
168,1.8216565557191,-0.483780625708743
169,2.45915023333805,0.516862044313609
170,0.889397241145069,0.368964527385086
171,0.250104760704017,-0.215380507641693
172,0.929206646483669,0.0652930335253153
173,0.263512832617207,-0.034067253738464
174,-0.597037863866679,2.12845189901618
175,-0.349301897470544,-0.741336096272828
176,-1.06251943969574,-1.09599626707466
177,-0.61483098549363,0.0377883991710788
178,1.51553335417069,0.310480749443137
179,0.696321895464068,0.436523478910183
180,1.25119098304003,-0.458365332711106
181,-0.456084391227465,-1.06332613397119
182,0.629955258001459,1.26318517608949
183,0.0504726558564441,-0.349650387953555
184,-1.14369936086779,-0.865512862653374
185,-0.950548100058228,-0.236279568941097
186,-0.410115321013966,-0.197175894348552
187,1.30758695190297,1.10992028971364
188,-0.781339132394209,0.0847372921971964
189,-0.249322791563972,0.754053785184521
190,0.36831565104999,-0.499292017172261
191,0.300986656558493,0.214445309581601
192,0.500583767164909,-0.324685911490835
193,1.30356904018845,0.0945835281735714
194,0.999547429614074,-0.895363357977542
195,1.31091728882939,-1.31080153332797
196,2.55232067024196,1.99721338474797
197,1.27427768275168,0.600708823672418
198,-2.28703834320062,-1.25127136162494
199,-1.26150584049139,-0.611165916680421
200,-0.531601363444493,-1.18548008459731
