school_id,year,school_type,funding,test_score
1,1,Public,45.29323441092278,575.8852484730222
1,2,Public,51.09697604805776,580.865978938038
1,3,Public,48.07552252234434,571.4986178278643
1,4,Public,47.47041819673219,582.8970761286963
1,5,Public,43.845962389528495,569.9591012554155
1,6,Public,49.285507444265065,578.9119695003096
1,7,Public,44.84624697637613,580.5019478958327
1,8,Public,39.548022173589764,569.1684216849101
1,9,Public,47.27431467139201,583.36974754644325
1,10,Public,55.069653447483184,574.7504381607756
1,11,Public,46.10359201746824,558.9179513616047
1,12,Public,53.203459726468786,586.1010706752298
2,1,Private,39.264822312953385,596.4654151344587
2,2,Private,48.638746769541136,594.2050730545446
2,3,Private,52.088561786349146,601.8047638119104
2,4,Private,50.77903873568866,589.3987505237872
2,5,Private,49.606175727582034,595.8964081467293
2,6,Private,45.12788251285611,580.508843833389
2,7,Private,43.87389248648688,601.6153446899215
2,8,Private,42.82734581905889,605.7385264801972
2,9,Private,49.67799814528913,604.3476276671071
2,10,Private,43.28727087757956,592.8036767196113
2,11,Private,46.02877390048436,594.4066949023189
2,12,Private,47.43556540949889,584.8716088416013
3,1,Public,52.0646834273602,577.7652855523362
3,2,Public,37.089811985794206,561.7725260153364
3,3,Public,42.4138308296761,561.8448761089805
3,4,Public,41.46927649334922,555.9911634361039
3,5,Public,35.230371591186184,560.0336635668903
3,6,Public,40.57366287922537,559.3945478711207
3,7,Public,49.66881654650705,568.0158543743119
3,8,Public,43.710535714442244,558.6968996030225
3,9,Public,41.248908927924596,577.5562498260771
3,10,Public,38.466530401929205,563.9616786394042
3,11,Public,28.682028066723866,565.7276104696434
3,12,Public,47.78953467645201,551.4556012027701
4,1,Private,34.013254977166,572.7369528252646
4,2,Private,47.21678046797894,579.1030768885716
4,3,Private,54.231716818019834,579.4799314841792
4,4,Private,34.11373643688414,586.7958905906279
4,5,Private,46.9878014149632,573.7870920595202
4,6,Private,41.20391046630013,582.452462751565
4,7,Private,33.34423044784201,581.4329769166918
4,8,Private,33.68908948002443,576.9621696558696
4,9,Private,33.16787836126737,569.2753233232206
4,10,Private,39.59165626969312,585.8445390578138
4,11,Private,34.00656189273953,577.0994383574583
4,12,Private,46.9045960405699,576.1996569285965
5,1,Private,54.7391589254471,578.6930442180113
5,2,Private,34.416322426082,590.8227076930589
5,3,Private,46.86493836714414,578.9353331983151
5,4,Private,46.75275872829853,570.6285458555104
5,5,Private,44.13172075599378,585.7777401888294
5,6,Private,36.08824563263103,579.3904513679624
5,7,Private,41.421789642509125,570.9421256314049
5,8,Private,40.4561332712716,566.2388772636469
5,9,Private,45.516442481615954,582.061640064817
5,10,Private,39.9038727456701,587.4839898853256
5,11,Private,48.000345602406796,588.8189678036766
5,12,Private,39.891020135690994,576.0499423082384
6,1,Public,54.958612490327084,572.0131158233876
6,2,Public,42.3472816568547,572.1831022416486
6,3,Public,41.08141222830242,570.6275867177766
6,4,Public,68.08858330650551,590.1383981610344
6,5,Public,46.141198167888504,569.7913991989928
6,6,Public,50.43170924609539,581.431769870361
6,7,Public,52.46176174105418,570.5386423035608
6,8,Public,45.739659942598635,570.0072490150014
6,9,Public,51.74351596273275,581.1090771940029
6,10,Public,50.85613086116161,582.3207457273687
6,11,Public,47.35006065100093,559.7177694307089
6,12,Public,49.03410189800299,575.0480599381968
7,1,Public,50.17411382112233,601.5224385430358
7,2,Public,63.149228737650205,594.8902842163756
7,3,Public,45.93050076591614,598.0791968268962
7,4,Public,43.80253974110513,587.6408211201054
7,5,Public,50.605247738579585,604.6614368965188
7,6,Public,52.241401840211935,602.2707324970656
7,7,Public,52.99765821701421,604.3384781633977
7,8,Public,47.62832534728648,596.5785476816011
7,9,Public,43.998560539725965,599.6011925311598
7,10,Public,57.95762840009005,611.5946959064757
7,11,Public,48.280615015831785,609.8886222859085
7,12,Public,45.18544016763287,594.0690158855563
8,1,Private,54.21837330711947,594.7779121595563
8,2,Private,54.45299535467474,610.8827250525742
8,3,Private,62.2955724590479,616.80651774219
8,4,Private,56.14447447394923,610.5895130619701
8,5,Private,60.16037343187318,618.0644902121749
8,6,Private,52.64029861773248,616.6491707298508
8,7,Private,56.92272257825566,608.51800234339
8,8,Private,53.687935251821045,608.1443396686112
8,9,Private,56.20355188980748,614.4972724030982
8,10,Private,50.2638705729008,604.2970019609279
8,11,Private,47.77124152079822,607.2918624045079
8,12,Private,67.61933102925386,604.8298912329666
9,1,Public,59.67146255659136,586.1391355255441
9,2,Public,48.559581444807186,578.0170165790281
9,3,Public,52.40021411447432,583.6403186329666
9,4,Public,48.95432910697299,582.6950218100418
9,5,Public,69.26007170785917,602.4077350639128
9,6,Public,63.94168747315791,603.4153595429259
9,7,Public,54.47633927437873,585.7696749023871
9,8,Public,59.32637396994939,586.7935075466962
9,9,Public,53.581169927043696,583.0324359846722
9,10,Public,53.209728246863385,587.199271904945
9,11,Public,51.335592587455395,587.3037081167779
9,12,Public,52.49950600979979,593.0605823841204
10,1,Public,79.50646103154587,639.0063415653391
10,2,Public,69.27684747701309,620.568422445778
10,3,Public,70.31648764609123,635.101591500394
10,4,Public,71.06314080512028,644.4999309992234
10,5,Public,76.99587149843777,648.0904706202252
10,6,Public,66.50463324185705,627.9317762599259
10,7,Public,63.64597332517351,620.9048870312313
10,8,Public,79.65519782194487,658.5512809778141
10,9,Public,66.95403692609402,632.5872073998908
10,10,Public,65.26262040788649,632.0271523355829
10,11,Public,62.183377514225974,633.8057846710129
10,12,Public,61.892721893618955,619.3890957814278
11,1,Private,45.66378513153366,594.6416022811817
11,2,Private,52.81554091032075,593.2470926897628
11,3,Private,55.76671484089989,600.9492315870662
11,4,Private,53.35315613033511,605.1847046898334
11,5,Private,46.92568222475006,590.943308109542
11,6,Private,49.46612563162918,606.1504191151491
11,7,Private,44.88004722524116,601.2943015174665
11,8,Private,44.80431703787752,592.8939500239825
11,9,Private,54.415529001183096,606.5744569779778
11,10,Private,43.01407053570031,603.3858754394774
11,11,Private,60.839389800276365,616.2721656335983
11,12,Private,48.56570844352647,599.9903520961906
12,1,Public,18.577206452085544,528.8782626407082
12,2,Public,12.858807263872805,525.4956817402843
12,3,Public,13.843641353730629,536.7838134314578
12,4,Public,9.387876698478795,531.8956255918674
12,5,Public,16.19242116207388,533.9436599983778
12,6,Public,19.80386792185703,528.2583314810635
12,7,Public,19.235799557278526,532.5415661003661
12,8,Public,12.600754569981738,528.770881387368
12,9,Public,12.558241667186234,518.6306282671206
12,10,Public,14.27678118225308,514.8553334289408
12,11,Public,26.26633751138835,538.6400090272285
12,12,Public,10.466151768315775,513.9619136695607
13,1,Private,65.9945527272659,637.2521574963657
13,2,Private,78.48303322362065,646.4851947242274
13,3,Private,66.46301298157424,641.4685195617025
13,4,Private,58.909818070618726,634.3155145455916
13,5,Private,63.08024568190271,630.3618108056784
13,6,Private,69.98162216697635,646.5371743600707
13,7,Private,64.81524506352844,648.7032234470774
13,8,Private,63.697604112248385,642.0304541704438
13,9,Private,65.00535888877633,623.0412990646146
13,10,Private,67.61184217638241,648.0077786442668
13,11,Private,76.65991492042204,643.247197369566
13,12,Private,66.53747162071377,641.24052296828
14,1,Public,42.974387825920395,580.9514422657276
14,2,Public,40.27411554291469,574.3002437323798
14,3,Public,35.80775147597445,571.7703854211215
14,4,Public,27.292178831667705,574.3219837033947
14,5,Public,33.362886943696175,575.8115225426993
14,6,Public,33.550368130180445,577.8746335194958
14,7,Public,36.772517445580455,589.5565742530385
14,8,Public,44.290782915012215,582.0379577139438
14,9,Public,50.248064691997854,582.4130838359738
14,10,Public,45.775077202913906,562.803191466797
14,11,Public,35.69068506303763,591.0689859796233
14,12,Public,25.95042647566547,563.004095051903
15,1,Public,34.41121741796125,587.9351980324145
15,2,Public,37.27913994083148,575.6553135165037
15,3,Public,41.81397462679632,586.5227207443253
15,4,Public,42.519064413297336,575.4087909757146
15,5,Public,40.849753178890495,578.755471766191
15,6,Public,28.372250503594906,569.1863807356227
15,7,Public,41.841754876191835,574.4675326060706
15,8,Public,34.064553303828376,570.2612997859095
15,9,Public,37.792712803359244,580.4307926088952
15,10,Public,37.19120366543412,571.5698397464299
15,11,Public,39.31289719221474,559.9892854302132
15,12,Public,36.89194649934855,571.4292677337703
16,1,Private,57.30200585084641,634.4370875056949
16,2,Private,71.72583222500104,643.628039105894
16,3,Private,69.62301584645844,642.3671339866504
16,4,Private,65.71294668469106,623.8604071211644
16,5,Private,68.01572350264047,639.6679782640958
16,6,Private,68.11108830857117,643.9190172112054
16,7,Private,68.6329732477264,646.3931844753427
16,8,Private,77.1519334322253,640.9937809184596
16,9,Private,65.99255416275953,633.6196341508094
16,10,Private,68.31524873966833,647.6813638233806
16,11,Private,74.31715967477496,629.192149240843
16,12,Private,73.63194257662191,637.3987054640145
17,1,Public,48.454302577670035,586.6054260288704
17,2,Public,38.11791590903056,565.8769431145159
17,3,Public,53.59762029714487,588.4465771420754
17,4,Public,41.98292914096899,592.665415558713
17,5,Public,52.78383498362907,585.9724863428893
17,6,Public,33.47730779920363,572.4678164315432
17,7,Public,41.70862543351332,582.6801671851125
17,8,Public,49.08221134120319,581.8264315359769
17,9,Public,37.29127079205112,582.3991750205504
17,10,Public,37.06659010608144,582.9016122415629
17,11,Public,35.95149169374653,575.9203465716249
17,12,Public,35.26764423935548,567.2543513661313
18,1,Public,27.72843025386318,543.3358843190251
18,2,Public,32.33846249069946,551.1784671937534
18,3,Public,18.266124465421253,552.4677094420225
18,4,Public,31.623270053179326,541.19289706823
18,5,Public,37.771437731445,545.3849577866602
18,6,Public,42.576831562388186,556.8960114230331
18,7,Public,38.1584434061491,561.5822012384745
18,8,Public,34.89203603572134,550.4666305431987
18,9,Public,19.991005058259596,554.128217553549
18,10,Public,26.74234720490488,554.3053693729502
18,11,Public,28.239108713449873,551.6753591593206
18,12,Public,34.57253086948694,562.4016867363355
19,1,Public,46.54161375296716,584.8065931899843
19,2,Public,39.623749988628774,574.8157736011606
19,3,Public,57.282256005554494,590.1502269427282
19,4,Public,52.64398950776558,590.2820560089709
19,5,Public,48.60022339193596,585.8171862476644
19,6,Public,54.484293418944674,582.2475733941889
19,7,Public,39.14299603357997,583.6352818540657
19,8,Public,51.140563543728604,592.9179605036159
19,9,Public,44.03816749910927,582.5198911937373
19,10,Public,51.27811488809408,585.9386703685602
19,11,Public,46.81071002902936,581.7201192504272
19,12,Public,50.973406035178506,599.877023343695
20,1,Private,61.34640934108782,609.6982507023819
20,2,Private,53.37704419263286,601.8743646874589
20,3,Private,59.43865547244402,589.0639650408644
20,4,Private,46.20269943984359,587.7208436814713
20,5,Private,49.003677008115375,599.814690173374
20,6,Private,62.44860991906054,609.8694206381167
20,7,Private,55.597631488875045,606.2528824781351
20,8,Private,41.019966728129084,601.3187238727966
20,9,Private,45.14907893823721,596.6865768704778
20,10,Private,52.12861755719674,610.7354884684747
20,11,Private,58.527980076738395,599.6223721187347
20,12,Private,52.72200411644013,594.1302997995414
21,1,Private,58.814295062922554,597.2110222404712
21,2,Private,60.82320249752559,612.2153491134153
21,3,Private,65.09549920397627,609.0022083716054
21,4,Private,55.40527063044841,609.2972362766068
21,5,Private,54.75727879371325,601.5057707709226
21,6,Private,44.54974607594502,593.1119513756715
21,7,Private,55.665135795325604,601.3459618969041
21,8,Private,51.63806988342526,588.5398726059573
21,9,Private,49.22511273397409,591.8731092630799
21,10,Private,53.9897328445134,592.8249456277931
21,11,Private,61.158829267260586,614.600901909778
21,12,Private,43.112679298667146,592.211645385255
22,1,Private,57.0596890902834,619.6467319757636
22,2,Private,60.323188515012205,626.6940468729134
22,3,Private,54.26411939318625,611.1007475242045
22,4,Private,61.62678246851132,618.8479213776357
22,5,Private,62.09194433721035,604.882393518616
22,6,Private,59.42514785786002,609.8090998241397
22,7,Private,44.82797565095581,607.1749888883157
22,8,Private,75.05211368871579,627.0095760886448
22,9,Private,58.391569268706775,609.6038542921942
22,10,Private,63.53052450304199,636.7970272484752
22,11,Private,61.26596375973526,613.4355468342568
22,12,Private,65.77140422242607,619.7972469819283
23,1,Private,55.458036296735614,598.3626895777592
23,2,Private,49.293320591120036,589.9331866408972
23,3,Private,52.82108625174213,587.7270047714986
23,4,Private,44.879626631747726,594.784240356435
23,5,Private,55.693617683887,605.2643126024258
23,6,Private,47.78584958518496,589.0029766834053
23,7,Private,65.05271974122036,603.5068279921968
23,8,Private,40.64578624436196,584.244908986742
23,9,Private,47.76815616069499,596.3154049499752
23,10,Private,55.50435879504654,585.7487682468523
23,11,Private,53.612874899763064,608.9530712374623
23,12,Private,47.015193387401084,584.5237220275656
24,1,Private,56.75183412898087,626.4698245977012
24,2,Private,63.59937281049018,638.333868917322
24,3,Private,62.64667410322452,641.245633872329
24,4,Private,51.99083115864164,645.1905171703258
24,5,Private,62.939824985029105,646.7730327497959
24,6,Private,63.87390047638074,641.9522193315281
24,7,Private,63.78087696411705,631.1728115319323
24,8,Private,56.40241632660991,630.4098556046404
24,9,Private,65.58931825204178,640.8412664469993
24,10,Private,71.00393940398145,663.1042164579923
24,11,Private,65.46993700130487,628.8910392026332
24,12,Private,55.91898775997994,644.0994452402894
25,1,Private,49.74028844002356,608.6422227596266
25,2,Private,54.43078297549663,626.8090955814597
25,3,Private,48.47188747026538,603.5974174985953
25,4,Private,39.40828324808333,607.1390220877391
25,5,Private,57.659666178344246,609.3876326113372
25,6,Private,47.377295588427884,617.2396818338384
25,7,Private,48.91279963356529,622.2228256975557
25,8,Private,61.3775649122022,632.9702754883792
25,9,Private,47.70929168054256,616.6974691077021
25,10,Private,57.42855049931077,629.8486835778812
25,11,Private,44.79006398526234,618.0876952480389
25,12,Private,50.22690683973112,611.7017092173204
26,1,Private,58.540047452169496,610.2560807540539
26,2,Private,51.96947502044223,596.1705171466931
26,3,Private,55.172893977534905,603.6001128154733
26,4,Private,58.80833424941848,615.6245381228521
26,5,Private,63.00555937939194,613.385116246771
26,6,Private,49.07810430643771,604.4411555199993
26,7,Private,56.88285813172075,598.6555892159813
26,8,Private,63.51982219826127,605.6730923213772
26,9,Private,55.74852860712281,599.8896666827579
26,10,Private,60.34513509702602,610.7669437630694
26,11,Private,61.93475498737495,602.0200911939182
26,12,Private,60.58839365897846,612.0801175408396
27,1,Public,62.08161423462047,596.0054567641954
27,2,Public,57.42581619192789,613.8266060290623
27,3,Public,55.68000907623946,603.2035479990484
27,4,Public,42.3031744456183,587.0462824885561
27,5,Public,57.604422046915346,602.8213778626157
27,6,Public,60.7437763359521,600.5504965139336
27,7,Public,61.374461203001076,605.9941155470763
27,8,Public,54.83039804991267,601.1743709682277
27,9,Public,68.83908561644307,600.7760552681935
27,10,Public,59.88061467556513,596.9605747605608
27,11,Public,58.91996330854549,604.0205368852622
27,12,Public,65.79566883460329,617.5221677689809
28,1,Public,45.91138056209007,591.6725180369715
28,2,Public,47.520146146457364,580.6734860115688
28,3,Public,64.6068927703042,601.0789666127359
28,4,Public,50.28895301333096,586.3667639777256
28,5,Public,60.023588418455475,594.6567192521231
28,6,Public,41.59113802051849,583.3105838864881
28,7,Public,49.079077077748224,604.0089652317337
28,8,Public,52.49272131182662,579.7319817520064
28,9,Public,52.02240916124042,588.4532551488552
28,10,Public,44.18836033294061,570.586545823012
28,11,Public,50.337733537757856,590.864862222387
28,12,Public,43.75765397133374,590.4642223238711
29,1,Public,45.365040925090966,592.8849663578036
29,2,Public,47.59747151278915,570.6287722598545
29,3,Public,27.738894794700798,575.0790294722196
29,4,Public,48.502981747426134,595.8016848231821
29,5,Public,33.642553992774324,572.8337274694094
29,6,Public,43.81743658752107,580.3517143429799
29,7,Public,45.04823680248092,582.3194876410962
29,8,Public,39.889482005016674,582.0351265780821
29,9,Public,37.218137232466525,582.5333075847426
29,10,Public,42.08074710107758,590.0195005616679
29,11,Public,43.721733177912,581.1109328886731
29,12,Public,46.3886378933175,584.7534351693387
30,1,Public,46.471669518001406,615.1748640252722
30,2,Public,48.96741581305898,602.2740191585614
30,3,Public,67.36810546854223,611.6180122203552
30,4,Public,65.0654645040824,599.5194539993864
30,5,Public,61.39742511485922,606.7343245761923
30,6,Public,63.07676186407949,606.1726512202007
30,7,Public,64.28874092725914,608.371800921611
30,8,Public,42.82015463061904,591.5400464633943
30,9,Public,65.44735400124604,604.3365800075699
30,10,Public,55.87576584203918,598.3559212564038
30,11,Public,60.169392405200334,604.475981009243
30,12,Public,57.01474461611166,613.6616524797886
31,1,Private,72.1538359960179,642.9689116213386
31,2,Private,64.83121157781177,628.7119047588983
31,3,Private,70.03306886687493,622.5514297761664
31,4,Private,64.57793639971156,625.1676814778879
31,5,Private,60.36532301693641,625.3478737152909
31,6,Private,74.18210933418703,637.5677352679229
31,7,Private,71.36744633919109,630.5152205114216
31,8,Private,77.26761970648415,652.7403402975262
31,9,Private,67.31296986702127,630.8149128170969
31,10,Private,73.67206274651448,628.0386299940448
31,11,Private,78.7745605956599,638.6089076942309
31,12,Private,65.23315358131164,624.4352527154457
32,1,Private,53.643056837565545,616.9474662275932
32,2,Private,60.14465411126814,621.3907699395165
32,3,Private,60.29651607418454,622.335565100036
32,4,Private,62.490846541152756,609.8100422849488
32,5,Private,71.85459337801254,628.3262772377286
32,6,Private,59.623900159064746,621.6160328333569
32,7,Private,63.81879144892633,612.0120579109511
32,8,Private,60.21465912472365,626.4848971270737
32,9,Private,61.703467765247034,626.1798189869352
32,10,Private,63.46510949513441,637.8449433992884
32,11,Private,69.55005169031875,626.495494099948
32,12,Private,62.308673779041506,621.3808811341776
33,1,Private,62.14183474152398,617.0559750107658
33,2,Private,62.53794100003851,617.1059015435994
33,3,Private,63.353420446471105,604.1675161677932
33,4,Private,54.418413508231,600.0479320217172
33,5,Private,67.62606810650536,619.127641423639
33,6,Private,55.57904038557322,608.3747258946527
33,7,Private,57.23007581543879,613.8159744919395
33,8,Private,66.28908242762233,604.089764171024
33,9,Private,65.62928425821077,607.9814561005134
33,10,Private,51.32482958686987,602.179287006825
33,11,Private,52.62635481883252,617.5729937659955
33,12,Private,49.71630646511361,601.2351271567117
34,1,Private,48.55621024324653,601.444099248061
34,2,Private,48.45417229503834,607.5385908848901
34,3,Private,49.649815211657916,605.4376353713676
34,4,Private,50.77807337283889,609.3987350515278
34,5,Private,43.85377001161744,620.354666658439
34,6,Private,41.502935540935255,594.9365064029022
34,7,Private,53.62583742397697,607.9441857521662
34,8,Private,51.97149490316548,605.4725515708419
34,9,Private,38.41012786355533,611.5398154831091
34,10,Private,46.89424238243182,600.6571217463759
34,11,Private,42.08944015098855,602.5860265413119
34,12,Private,35.04062066427576,604.441278475973
35,1,Public,62.22855016948895,601.7142237236126
35,2,Public,60.85255912680856,619.8849935598372
35,3,Public,60.7436137772816,612.9637325482466
35,4,Public,62.62474463316748,601.842627886746
35,5,Public,66.6226203687396,614.9428442582059
35,6,Public,62.56141440926041,607.8309260164827
35,7,Public,57.629214325118916,608.5573573725896
35,8,Public,56.9190338708324,605.3088213169477
35,9,Public,60.537012624113004,615.6030472054741
35,10,Public,63.1879313018338,600.242283454735
35,11,Public,55.08974726614784,601.1827588528753
35,12,Public,60.22197616930578,606.1760783308537
36,1,Public,43.60048851524196,576.6777288157036
36,2,Public,37.14720440682756,572.4966641182509
36,3,Public,33.60636094866814,577.5259816656819
36,4,Public,36.141213943681244,578.2475292167293
36,5,Public,44.48477622640636,566.3334930931085
36,6,Public,41.0971487215193,589.4303302034649
36,7,Public,45.21693975472411,586.3662707852486
36,8,Public,38.631472097205105,597.5803616508791
36,9,Public,40.25853553317703,586.4395357667817
36,10,Public,34.44614348014568,575.0269977058712
36,11,Public,41.429108967816475,601.9272301899143
36,12,Public,34.758883701099045,598.1689391685858
37,1,Private,72.72460288802446,630.2113516843805
37,2,Private,82.01595371030369,647.6003685834672
37,3,Private,92.92310322258754,649.3827061687244
37,4,Private,86.0534819536373,648.0490198636575
37,5,Private,88.2395162558765,649.6440815191046
37,6,Private,83.40113025475785,636.3149475783682
37,7,Private,77.59665284630158,643.6646914350758
37,8,Private,80.03455078553723,655.3730346789118
37,9,Private,79.60850727532738,641.7240470018497
37,10,Private,78.4357972375064,641.0285640332116
37,11,Private,85.47299961977723,656.1813764818256
37,12,Private,74.06381490200646,645.8346352915814
38,1,Public,68.58952430689891,610.3607538696256
38,2,Public,68.57624243157763,623.4921472859372
38,3,Public,56.199593359809775,626.0410896727852
38,4,Public,67.22827950162547,630.9904051645644
38,5,Public,77.97268742828932,630.4697766978286
38,6,Public,60.048034622572615,621.8238694374892
38,7,Public,68.4607529626707,613.4444083064368
38,8,Public,58.69811644050585,618.0662938466284
38,9,Public,70.05559602343908,616.098718081904
38,10,Public,64.89027583378164,616.4745420377457
38,11,Public,73.30281986396126,631.2774207189892
38,12,Public,54.63750314300077,605.5707531181176
39,1,Public,41.86380837404211,578.5834615602467
39,2,Public,39.01004463404069,578.0010998364353
39,3,Public,40.98800647633648,576.5739364543892
39,4,Public,38.39412323467825,587.3885444733648
39,5,Public,37.16853420758427,566.7414380042339
39,6,Public,45.643929938492974,583.2260185728551
39,7,Public,35.646111406332714,572.361901651355
39,8,Public,51.07578128013198,580.4163918409517
39,9,Public,35.054356178911775,575.8780011240237
39,10,Public,42.77807059916596,570.1207870044221
39,11,Public,45.36953141175316,569.6243112111331
39,12,Public,45.69200772535003,575.5505872865361
40,1,Public,30.87246921312035,571.7328531616945
40,2,Public,33.15996116828904,561.2334017087951
40,3,Public,38.45053410717669,566.3374328374354
40,4,Public,23.944153693860077,553.9846373381074
40,5,Public,27.99251092712614,561.0360272654865
40,6,Public,34.60536308221829,555.048532633745
40,7,Public,30.014257326296683,567.0609992472926
40,8,Public,40.902973160144626,569.5817923033104
40,9,Public,36.72247237644764,557.3353852525607
40,10,Public,33.115949710807165,561.1985141327024
40,11,Public,23.63640529109855,560.143236096687
40,12,Public,32.83955054827608,564.554918788882
