Y,D,Z,X
0.00792675820071459,0,0,-0.9957987248513335
3.607615944285975,1,1,-1.039955043766194
-0.1559396688727206,0,0,-0.017980240576662608
4.414931030657641,1,1,-0.1321751328567346
2.6415198250831855,1,1,-2.549342774750432
1.8554177449644365,0,0,1.0405734557193762
3.6995381964670253,1,1,0.24972573598519018
4.411723348460796,1,1,2.4162073731483287
2.8955579270039613,1,1,0.6851982380510968
0.43299441796358423,0,0,-0.44695930896199243
1.7948597770082386,0,1,2.797391146958097
3.654785530429975,0,0,2.832226023915508
2.9901361451612294,1,1,-1.2187118162901793
3.1257822203814465,1,1,0.4690319559554239
-0.24448042406896597,0,0,-0.21124691863215003
3.4133809118353593,1,1,0.18705114655401234
0.10722323025520986,0,0,0.22754272856881383
-0.4825622742645038,0,0,-1.2619004628690524
3.181580834820667,0,0,0.28558958024256154
2.478641457986523,1,1,1.749247363141796
0.03496000053010784,0,1,-0.1640900041348027
0.33773051475054583,0,1,-0.1629267106984538
1.1035303164035954,0,1,1.3985720063374665
2.323672738348633,1,1,0.8983962406829485
1.9880271020160059,1,1,-1.6484948183812846
2.0762364434799974,1,1,0.22855697326218688
5.169234163912504,1,1,1.6535472346777336
3.8311511002459637,1,1,1.4152763499191425
2.068123592060749,0,0,0.41995160381422986
-0.044817519836277686,0,0,0.7212208071128938
2.3870752965048805,1,1,-1.1969352121886834
1.6956414643058144,0,1,0.3001315668813733
2.6208876214237575,1,1,-0.954448935187822
2.7885875951307564,1,1,-0.45801806809694434
0.43352172182004334,0,0,0.9356036837796026
-0.19716368547507268,0,0,-1.1368931116911432
2.728557718166736,1,1,0.2669182508730583
0.4117948034759733,0,0,0.42833203947154347
1.7912631410759712,0,0,0.05491196983962971
3.6707073467877436,0,0,1.8221888218354152
1.8040064174583201,0,0,-1.0223473285752498
1.7259053594911442,0,0,0.6061302614355994
0.8372270260198187,0,0,-0.08893056745066745
1.4455896063911735,0,0,-0.26083224383392417
2.443431409535496,1,0,0.4640912338523813
0.7547168171534062,0,0,-1.0204005906839302
0.509740739761894,0,0,-1.3134509165184052
-1.5922636520942666,0,0,-0.49448087548342273
3.772515594484569,0,0,1.7517571497554478
1.6963209524676217,1,1,0.05576477461252008
-1.4601604404450268,0,0,0.33143439822788606
0.9047342090140784,0,0,-0.18984663767753954
3.3426586606645485,1,1,0.4704927319538254
0.5161547972611057,0,0,-0.9516795430171457
3.7195198471324487,1,1,1.1579104665686408
0.10742529213933616,0,0,0.5847052602413513
1.189270692810996,0,0,-0.8064528226917048
4.40796420424906,1,1,0.054553245811992286
2.5194372261989697,1,1,0.7163316194991229
3.5847397273200814,1,0,0.5577309820546028
3.470066690291257,1,1,1.481934015876881
2.6327202180016998,1,0,-0.6129877548948502
2.5337767626054553,0,0,1.1161366154903933
1.796042214410957,0,0,1.036548009941219
4.850599499928967,1,1,-0.1624831319028546
0.17974604711421838,0,0,-0.9759266928218849
3.9373706977224545,1,1,-1.0891451908845162
2.7732379148505593,1,1,0.4577869579449709
2.7331142314770656,1,1,-0.07112673372089445
1.5624337062110356,0,0,1.7791026668514502
3.555471010227216,1,1,0.5351379604962047
3.2805617892254233,1,1,-0.3719448751634953
2.6323899625530722,1,1,-1.025542248497114
1.30812449681327,0,0,-0.5824016746052525
0.3895118540497313,0,0,0.3428883928973311
0.53565416028436,0,0,-0.45093464705665054
1.909250407358316,0,0,0.5142301202306904
3.8709095450332995,1,1,-0.3343380521697819
1.2855611483677913,0,0,-0.10555990879447544
1.3441349891119088,0,0,-0.7305096728078274
2.792582950918903,0,0,1.905043584908704
3.775619860803879,1,1,0.3326217314703942
0.8915991527721185,0,0,0.23063364049945068
1.9897248742533722,1,1,-1.691862414884067
1.9518897821608672,0,0,0.6597918995493272
0.032804381939604055,0,0,-1.0236235888797118
0.42225545559521194,0,1,-0.8915215743542978
3.3673635773066044,1,1,0.9183411710216488
1.1868406699549725,1,1,-0.45270064650823016
0.4600027580053448,0,0,-1.7483722800031807
2.4549588975208767,0,0,1.7699041098893555
1.7501931702656068,1,1,-2.377406925392521
3.0804729648741613,0,0,0.5728115298595851
3.3328422553730697,1,1,1.0172492490846101
1.2633153034540188,0,0,-0.6309678666605344
1.7547416539440073,0,0,0.44428705141155406
4.004244252044476,1,1,0.43913038838855517
1.9380236632736563,0,0,1.0406231529145127
1.0507691135121155,0,0,0.4840993879525221
1.4409113596142336,0,1,-0.2448837790925247
3.711518369783309,1,1,0.9159920579402111
1.6438333184229226,0,0,0.8006223565097663
1.2513057328472228,0,0,-0.9365690341357926
3.0723392632372475,1,1,-1.400787433995731
1.071615905720362,0,0,0.16027753999317776
2.473949657630657,1,1,-0.2739623747751827
3.8354637978465433,1,1,-0.985539112562296
3.0949778920197386,1,1,0.08393067951503286
-0.03626342120912135,0,0,-1.3199965264869058
0.13437482878489626,0,0,0.161226351326199
2.9575252895385096,1,1,-0.6249283875419198
1.8657327244207411,0,0,0.9571642741924806
1.0741919694094637,0,0,2.4244891411615335
1.1936558886220312,1,1,-0.915979243686792
3.713029205010102,1,1,1.0576641709429753
0.5936752085531353,0,0,0.8251497277682833
4.313518187830391,1,1,-0.07019422430535867
1.6659774088984858,1,1,-0.4536463740570143
2.2387507389156296,1,1,1.5753077068374846
-0.07257684922851938,0,0,-2.005457818236247
1.146407694624684,0,1,-0.6431947915936632
0.43845942392085124,0,0,-1.4368434436577757
1.5767970821882462,0,0,1.395313438946077
1.283449109004315,0,0,-0.19070343264485706
-0.030721243678542454,0,0,-0.5246711994696714
2.8190141704759717,0,1,3.184044474066329
0.1412940992838878,0,0,-0.05003726788762824
-0.026269510659243434,0,0,-0.44374931186652344
3.256648093659943,1,0,0.29986525013614485
2.627252598137593,1,1,-1.5684246207549688
2.3760297562917825,1,1,0.49030264267206763
1.400940846980517,1,1,-0.09616320107996686
2.207912583589458,1,1,0.4685251225301458
0.5086116941755274,1,1,-0.9823706359378539
2.6175252642591174,1,1,-1.0229838421479431
3.238061438624979,1,1,-0.6934146632761848
4.4179343586270825,1,1,-0.7679895730927822
2.7547966019545855,1,1,1.2990499666835893
3.3170349681124853,1,1,1.5791455618080903
0.8130452226605641,0,0,-0.15689195303906714
1.0581147544138976,0,0,-0.3589365605846805
0.037132270408454904,0,0,-0.32903883042166854
1.9639504185899863,0,0,0.06923647785301654
0.6687629567148223,0,0,0.09690423370105476
4.1301877683714245,1,1,0.29003438776557044
-1.002557777750768,0,0,-0.7466789410462558
0.41431714026023136,0,0,-0.8468963888203188
1.9443135627952501,0,0,1.1970776637460843
0.23349539507298156,0,0,-0.5486273611033227
2.6728360777914473,1,1,0.3030456952254507
2.3337804729882627,1,1,-0.05697053380333201
0.6244960107659412,0,0,-0.957849392150669
2.557829313967434,0,0,0.5910619094115075
0.06225332537992201,0,0,0.17310487349295478
1.6008882190571758,0,0,1.3997833562125077
0.5761629276781581,0,0,0.11745958462698798
4.2474303423742334,1,1,-0.33154575820085297
3.066875639054583,0,0,0.27829491330536416
0.907937303321409,0,0,-1.1855916490353389
0.6483638484158741,0,0,-0.8358940533935968
4.621386428557909,1,1,0.5102732511394306
0.3718244177498632,0,0,-0.33312090122394855
2.9101991453534133,1,1,-0.06596094635246347
3.9926177244344894,1,0,-0.11522170942194965
0.780457426010225,0,0,-0.65051261877452915
1.5152428238207396,1,1,-2.018688659082417
3.3594038369337187,1,1,0.3488349701765925
0.9331859283164399,0,0,0.7616395076468585
2.2255603052117103,0,0,-1.288716235350125
1.357977752136613,0,0,1.4824027184586064
4.1333399941992965,1,1,0.3851548236872349
1.6719605268949578,0,0,1.341640294993872
3.851765801113543,1,1,-0.9571704712422884
2.0141149914885177,0,1,0.1667812883542511
0.301236092975498,0,1,-0.10001395893880839
3.6663113114130295,1,1,0.7685074318817761
0.5662537879141606,0,0,-0.5758595679126932
3.4977340221770605,1,1,-0.01009767195246111
2.064309515011628,1,1,-1.778659148743945
3.081523931823166,1,1,-0.7776214428705003
2.945537837752039,1,1,0.12503388366511012
1.6024816564077815,0,0,-0.7063214923882233
3.2913822003221953,1,1,-0.04356948581148002
-0.5498284138174968,0,0,-0.4679259739252199
3.2827353886431823,1,1,0.6069301361614903
1.2475812496414105,0,0,1.168488308749563
1.7051860322390138,0,0,-0.8225014128075226
1.6948123838418985,1,1,-0.30703655859472845
1.6748856614829948,1,1,1.4397612583697421
2.3682137025555,1,1,-2.1989232541837067
1.7820431682523015,0,0,-0.31983779174073507
2.4852624981883755,0,0,2.0647042841433425
5.449577685046979,1,1,2.1935900690642547
3.9802533493800745,1,1,0.15659532335014942
1.6378853931123964,1,1,-0.8636089506136384
2.0132537040920435,0,0,0.16545741949043816
0.08483616118752746,0,0,-0.6527743959470195
4.831496199191146,1,1,1.452817282291484
3.5896405797808164,1,0,-0.8064826557030459
3.1366677574586728,1,1,0.37291159520874817
2.377862195630926,0,0,0.619850074568692
2.3533473974612003,1,1,-0.7575101606958492
2.4367679398354296,0,1,0.8515246815061833
0.3196004643514896,1,1,-0.7479299709163062
0.2637276356886753,0,0,0.6302398296539801
3.695888241103666,1,1,1.0966616331035526
-0.004881130919830001,0,0,-0.9884429223832061
-1.1139607161023912,0,0,1.1079950409795976
-0.07999705998379225,0,0,-0.4895328712124123
4.761135280011952,1,0,0.29435338843696807
-0.10786015392799708,0,0,0.20183747228876955
0.9533398479909684,0,0,-0.427196386338202
0.6401527897751589,0,0,0.268102869997785
2.403100539047227,1,1,-1.2304309254238377
0.7545666162105966,0,0,-0.13613687218496445
3.2769811776908293,1,1,0.8257908316651706
-0.2095704797844531,0,0,-2.1741246492293143
-1.9209566831040652,0,0,-1.4879261873582548
2.4195908058266373,1,1,-1.1619375575969726
2.333807117775755,1,1,-1.5890896941454296
1.6221282072328076,0,0,0.4195830392963589
3.8707749980484705,1,1,-0.9929283497560106
1.954486597534359,1,1,-2.164547085328974
2.951987513451642,1,1,-0.6375687650804498
-0.6229739355120727,0,0,-0.3906352514748059
1.527967417814722,0,0,0.8567854737781102
-1.1073279463570729,0,0,-1.103752135998829
5.579133932892752,1,1,1.1612892557386958
2.8421587889664988,1,1,0.3983627156286049
3.533336968844121,1,1,0.36235215763554474
3.0150729632727065,1,1,-0.8525256703145023
0.6693409581942948,0,0,1.953667879898038
3.384745441351092,1,1,-0.16427083209715526
-0.9853487370549834,0,0,-1.8248975841783328
1.3565774317969541,0,0,-0.20385647139249596
-0.5860271262487005,0,0,-1.9344440707320507
0.1648075505820541,0,0,-0.3105101157866734
3.203092680502607,1,1,-0.4222270031896187
1.7073421309486265,0,0,0.6818296904034101
3.255841428373315,1,1,1.009496185737491
1.9006180930267043,1,1,-0.7261049649011544
3.5970601896223755,1,1,0.8061088683750256
1.6634077729542962,0,0,1.4243231096687634
3.5674284774516263,1,1,-0.7841440048426463
0.04171388084286265,0,0,-0.6524043664993326
1.2023217075594668,0,1,0.6507783631536819
3.362307201774172,0,0,0.18304796994393546
1.9904710545922912,1,1,0.5487749604442832
4.019593569634037,1,1,1.4046842945475626
3.6041920740192923,1,1,0.3870831195763953
1.0769601351993408,0,0,1.051701270175373
0.6017766681398597,0,0,0.6229054623371943
1.7596061338638826,1,1,0.43362038980885464
-0.22455423091182514,0,0,0.38608443818441196
3.3816409617083227,1,1,1.2913233044580799
3.7516568721904693,1,1,-1.0022598737106547
0.5011163195198812,0,0,-1.1051827291574943
2.841692708823068,0,0,0.591946003397209
0.33791887916885754,0,0,-0.11968966413311387
3.615605206073791,1,1,0.07400521168496045
3.4950372944215546,1,1,0.741277377171399
3.739297614846769,1,1,0.7532950478490763
3.0740662862280335,1,1,-0.2626705033617776
3.621455639122112,1,1,-0.3125438689971024
3.0290674730636193,1,1,0.07359860900786934
4.500011243770334,1,1,1.0630177892947437
1.7031951607717346,0,0,0.42602048667900444
1.7069664350779392,0,0,1.4330075108231943
0.8833715772522401,0,0,-0.007636870419971945
2.286162591416341,1,1,1.1256676052207528
2.792900556489471,1,1,0.8830023110172466
1.0427341674704098,0,0,0.6120834609000705
2.142984662458469,0,0,0.41470070677846443
1.6513778204752172,0,0,-0.27988239714251806
2.1392062326388617,1,1,-0.1090375091692319
0.6383750245630241,0,1,0.22939549570846693
4.761583844366591,1,1,0.048888890679286166
0.059095139496894156,0,0,0.9432244683862206
1.124693501583517,0,0,-0.10931712318643116
3.2424674987806785,1,1,-0.07037692158782763
2.256137232809471,1,1,-0.4843190875656647
-0.4416586233508748,0,0,-0.13833632854332845
0.5720997277219513,0,0,-0.06876564230384444
2.5316564436196174,0,0,-2.3137357738994155
0.20781737386979104,0,0,-1.3648316972143175
0.740635578818857,0,0,-0.07248690995195903
1.0467250408555284,0,0,-0.2652837748644989
-0.7692506043115187,0,0,-1.200869328207436
0.7554274391783813,0,0,-1.9915381760430189
3.54221149302613,1,1,-0.35436921991342674
2.97860270744269,1,0,0.6534957656942766
1.9459531618981805,0,0,1.773238631927565
0.475733125061111,0,0,-0.038456793709338445
4.436484151741231,1,1,1.4931848406277166
1.3827323054956835,1,1,0.0830221576359683
2.8355150538960396,1,1,0.11553210425955959
3.785834311840046,1,1,0.32482531334874665
2.2520478157140356,0,0,-0.870577245260919
0.06563939204444103,0,0,-0.0517182128948834
2.3356017530362676,1,1,0.9084476987922507
2.516926096508579,1,1,-0.7497257868521889
0.7816777295274443,0,0,-0.3216060698879608
3.1841568766857877,1,1,-1.1477707504592545
1.062787991210984,0,1,0.35435219644935445
2.638381607764952,1,1,0.4247997823890222
3.2141129208758983,0,0,0.6483473512240819
0.06094194425008537,0,0,-1.2198100315169018
1.9344953605587452,0,0,0.10723503475476402
1.2723874918343512,0,0,-0.9440576916498454
0.5600649680541789,0,0,-3.846487160235021e-4
3.333748318378774,0,0,1.3426239200060799
-0.4075612902160699,0,0,-0.5035252869342753
2.420602921689164,1,1,0.7166833209388249
1.7922875070029591,0,0,-0.7496685840836951
-0.796722344667142,0,0,-0.4785282104503053
3.85671807417748,1,1,0.43872175058661655
2.8578933802376545,1,1,-0.6791122704578679
0.8879909031899881,0,0,-1.7029648351454352
2.4140201099268572,0,0,1.26516843521333
2.5146276999543176,1,1,0.36035723787984647
2.023757970316969,1,1,-0.5836394405600897
0.8172562199143371,0,0,-1.9940787873306007
2.839488912033406,0,0,1.902209771399305
3.5815136771492,1,1,3.3903708212715418
-0.12815149063780562,0,0,0.20748040735545656
0.35024350276627847,0,0,0.849806647511189
3.5975010957476465,1,1,1.2245603120741608
0.6280374193441258,0,0,-0.7018044335386087
3.151993769499871,0,0,-0.3511962295565402
2.6740180994470437,1,1,-1.7271210366451961
2.4807771212043974,1,1,-0.7365782322718724
0.7832646919436275,0,0,0.6224097828861145
2.319585531678776,1,1,-0.29071598924087044
2.273022979813713,1,1,-0.21421153418307678
-0.15042693033573085,0,0,-0.11255955150251608
0.24293091973656913,0,0,-1.8636669824956047
0.22962886068080612,1,1,0.8376299342316704
1.1088093136655086,1,1,-1.443492888935421
3.8872784186389127,1,1,-0.20857016241564835
0.9299151973051961,0,1,-0.4385634620588305
1.4453341619952331,0,0,-0.21859381685619822
1.1402922698843023,0,0,1.4599659447357858
4.118534594248763,1,1,-0.5820599179153695
0.3110075247239138,0,0,-0.7830975957118962
0.8275278155776234,0,0,-1.519653994943845
0.6108242359130157,0,0,-0.8056980816112492
2.896002163192649,1,1,-1.1661847073677385
0.762519245596051,0,0,0.40794619624829587
1.812505682492017,0,0,-0.8630042460078767
2.6343872830835258,1,1,0.304042035028136
3.7867228899155148,0,0,-0.1464274878479205
2.1214901749811004,1,1,-1.4335621799108045
2.7308226009444,1,1,-0.7906077857226979
2.8224126247767742,1,0,0.8851124550576775
4.1845666679843605,1,1,0.9030760859545676
4.191666117245471,1,1,2.0055732743006276
3.63354117103842,1,1,-0.0035803083997808537
0.9652573023040659,0,0,-1.4958268139821398
1.846903745043205,1,0,-0.7684170270151593
4.0301106293931825,1,1,0.40848850484014837
0.760180789645855,0,0,1.900136334894722
3.208367590190495,1,0,0.11000912343972274
4.482815579921326,1,1,1.1403868251284695
-0.20742377276381152,0,0,0.7680813046922611
1.9745545803486022,1,0,-1.1680916221173332
2.5114827211198656,1,1,-0.17111265226485858
-0.40967194998901957,0,0,1.305261536347683
1.235483178599627,0,0,0.8760961095959136
2.6394867603543912,0,0,0.46379614156779764
-0.16883694630680202,0,0,0.4771142453768793
-0.34515435427219054,0,0,-0.49140530020940226
-0.05276814972945909,0,0,-1.319385313344202
3.588249851028227,1,1,1.2954257908313074
0.3948156614237698,0,0,-1.420219491666929
2.7195472582453855,1,1,-0.9388959197058298
3.036280044712176,1,1,0.6289649925198404
4.728099642659931,1,1,-1.2621945493896014
0.2764302545134218,0,0,-0.5518704132727918
-0.9267564531800939,0,0,-1.1827995067824777
1.7455502928502606,1,1,0.6206635577289504
3.0236769512119106,1,1,0.44631301663809547
2.671258630069576,1,1,0.4218846932736879
2.2708011064274682,0,0,0.44246477214563684
3.0914314416074675,1,1,0.5572457463789388
3.398880305664883,1,1,0.639356491970517
0.3980162226866899,1,1,-1.9686615566742216
0.6856538360044716,0,0,-0.14881636135986792
0.7843449826729596,0,0,0.11246381255190067
-0.040698407699610195,0,0,0.7246762026477593
-0.5066946880311383,0,0,-1.1874860760052848
-0.12299164959723907,0,1,-0.49960018981591314
1.290371682467205,0,0,-1.0736429907511587
4.086646988869039,1,1,1.0572402127096798
4.333961241579772,1,1,1.279072583209334
2.799659893413625,0,0,0.7876767253592327
0.06740371820566304,0,0,-1.2224033825769909
2.40903296851959,0,0,0.45195211673665375
1.309489919588859,0,0,1.150449186380917
2.240150358810184,0,0,0.16794098073645913
1.4638993094569617,1,1,-0.5661093328959699
1.8527379188506279,1,1,-1.08611824061135
1.5807645629860934,0,0,-0.665302795560156
5.014880525847515,1,1,0.7148483559493388
2.7452918659745302,1,1,-0.43166110038192784
0.78251601778596,0,0,0.2276149399400876
2.2735397386569667,0,0,1.2949457956703048
3.1685238856328763,1,1,0.578334940469455
1.6959620891212661,0,0,1.3646727814735393
0.40142358311665627,0,0,-1.7015798026604065
1.9491680000909066,0,1,-0.28067627971379255
-0.03303189042011234,0,0,0.06506801949219312
2.848039836974229,1,1,0.5785892916085147
1.015716335647499,0,0,-1.1692066215289698
-0.74066547255437,0,0,0.8061848554472886
4.4491381917641615,1,0,0.30739007616233327
0.483303305789199,0,0,0.2638060136047168
2.209879922712763,1,1,0.5084847916050459
1.1093971172997534,0,0,-0.1163584398769944
3.6965504628410892,0,0,0.9255460984991144
0.6518329539009009,0,0,0.6482297737314896
1.4302789938710758,1,1,-0.1502093741676993
3.387028411206099,1,1,1.0403770193406994
4.316513126338712,1,1,0.29255868494618165
1.0572654118205678,0,0,0.6687513994394645
3.3026468238578555,1,1,-0.5941776416242214
4.946824983590722,1,1,1.5804318369859205
1.2841686880682537,1,0,-0.003988944349983705
4.0239953597913045,1,0,0.8478427688934758
0.43286948292542227,0,0,-0.100116525892691
2.8005925856420855,1,1,-0.2796299069805994
5.637229335282974,1,1,0.7844382452800065
2.45996000656709,1,1,-1.5846166445911747
4.04996197438441,1,0,0.4783661477940305
2.2071254332016013,1,1,0.39356637299481456
0.08251304037562529,0,0,-2.6953293691245164
3.060620556057982,1,1,0.36837732853325683
-0.31613821137753406,0,0,-2.168417747347006
1.8878498454416455,0,0,0.6598043768927196
-0.7312522364119353,0,0,-0.45391373338119023
2.0430593564115416,0,0,-0.6949368252348941
3.279212854681902,0,0,-0.00684630317266509
3.2453254417120863,1,1,1.3730520449839898
3.2011430352299772,1,1,-0.6353230772178938
3.3329127987423885,0,0,0.5581032939487767
2.2885198369113775,1,1,0.34115786842187706
0.4573671648398038,0,1,-1.1795186291415571
4.438123627562641,1,1,-1.7410220173339697
-0.921553354990643,0,0,-1.992585771239143
2.2311159272577323,0,0,0.5512742114678889
3.4561299794877636,1,1,-0.0347420615312984
3.56215639486721,1,1,1.8505717036106222
1.6486912326129375,0,0,0.5736751082630448
3.0926558536473783,1,0,0.8496958910826086
4.427576451732136,1,0,1.3343835853349533
0.24007096580257736,0,0,-0.5007190979649737
1.4978966429467426,1,1,0.5100979282284891
2.2475943529282,0,1,0.8687932702441542
4.817003164885321,1,1,1.3693516880030272
1.4928645366427946,0,0,0.7626511463263687
0.3804469475551123,0,0,0.4211471730373329
2.0832979636424094,1,1,-0.8682240472712233
0.047595866985767454,0,0,0.7295603609576934
-0.13724307853268236,0,0,0.5002658724182875
2.449518580306198,0,0,0.6342502537069103
1.1533079959240844,1,1,0.42364504557225646
1.457774476725775,0,0,-0.20183804471000422
0.5773920227255003,0,0,-0.07686589843401417
2.0180265014487677,1,1,0.6873641132815167
0.8533082438835417,0,0,0.17163150692454043
2.395894413498917,1,1,-0.8301085743269885
2.0572221169475684,0,0,-0.2901591198056675
4.739270370861867,1,1,-1.3191257241765095
2.3393930402647922,0,0,-0.9670319026689118
4.554685929160838,1,1,-0.14461107013551744
3.716820081200418,1,1,-1.7981325563749255
1.0844641594104905,0,0,-1.6885424745915787
3.0967661823833055,1,1,1.1025651994360843
0.8828634625079186,0,0,-0.5766189242114401
-1.4564411238809243,0,0,-1.8516917295514879
2.165735704432476,1,1,-0.11286323942897494
0.7875001188173456,0,0,1.3210692672215147
2.240955846082957,1,1,0.662254296934641
2.6333474908285286,0,0,0.44138319835363743
4.0919209187491115,1,1,1.1837459122798408
2.87875633418073,1,1,-0.7715014411008938
3.3535179676936093,1,0,0.729689191352037
1.6923924837670818,0,0,-0.5870856157788601
3.8850198617796523,1,1,7.641863625140157e-4
1.202370796090901,0,0,2.2144653193401256
1.4808928464201978,1,1,0.9694343957092606
2.2055294198056705,1,1,0.7680077137172148
-0.04903507493792375,0,0,-1.1083279118181597
0.6036391081366383,0,0,-0.7862359199947132
5.6454640669943945,1,1,2.2841164802616007
1.0881189528883841,0,0,-1.0933007639733106
3.792684356250003,1,1,0.21447937528507294
2.2567638293889916,0,0,0.8925710596370726
1.3789532191607152,0,0,1.018757972342258
2.4704728386005153,1,1,1.0891120109192385
2.020892250351488,1,1,-0.16312898988521465
-0.7677239809236862,0,0,-0.8209866971199973
-0.44632642267920053,0,0,-0.30725723298863944
-0.9682563105992272,0,0,-0.9020980085394633
2.1727104023012913,0,0,0.6270687431149836
0.34555998043658254,0,0,1.120355028426107
2.6826621569105145,0,0,2.127213552493526
5.5284371221451085,1,1,0.36611438293171894
2.3645813989179865,1,1,-0.8747813771936855
3.328229760420276,1,1,1.0244748629932277
2.291116974603638,0,0,0.9047588936953099
2.8663681060600847,1,0,-0.23824869590282663
-0.5427606835415132,0,0,-1.557854903872314
1.96111660534605,1,1,0.7613098953939141
1.6578840673121173,0,0,1.1291443956416265
2.4252955816141557,1,1,-0.2951078307059341
1.660488877189036,0,0,0.5362428183580256
1.1440686008613281,0,0,-0.2758904747505109
4.639186018388674,1,1,0.6823152451375132
1.541573481847618,0,0,-0.1172907147148488
3.964073360490394,1,1,-0.3446758639200619
1.1254846616640721,0,0,0.1116204981972104
1.6742160434945483,0,0,-0.2834053149822958
0.4571766333551589,0,0,-0.5910171644542849
0.6883946276901617,0,0,-0.3159369312423982
3.0706048655288445,1,1,-0.008152152325535162
1.993483953162946,1,1,0.2074951407184738
2.560627326087827,1,1,1.5324236216258387
0.030339859957880633,0,0,-1.3579978309534841
-0.5014550686549171,0,1,-0.1996190505529424
1.4114441523983092,0,0,0.6315231277808262
4.679327050217821,1,1,1.7620209034428667
2.3305610554102816,1,1,0.42601436261549497
3.0451123504847564,1,0,-0.013753416475399922
1.305239251398991,1,1,-0.30755690959635923
2.142029807720437,0,0,0.4143081641082895
3.137354457781704,1,1,0.9890579201963894
2.4385894569870397,0,0,-0.18385831054605262
3.1236901394895096,1,1,0.16376140684655743
4.9683279198695,1,1,0.21693634414438395
1.6995255042358233,0,0,0.7292776342096561
3.3660253293025146,1,1,1.1113804070246889
2.151645403865607,0,0,0.27916081693963113
3.4918639782304544,1,1,-0.0761706715471799
1.1418115926895875,0,0,1.394663132208576
3.7845170830787267,1,1,0.16453411760558453
4.41979969717675,1,1,1.577851978793479
1.341956344901927,0,0,-0.06192265761954978
2.9504979011717554,1,1,0.6139229641936859
2.176729102304018,1,1,-1.546088594245239
1.8226668282392868,0,0,-0.11239196133740753
2.113790215258284,0,0,-0.021794539960885737
0.9187185356372953,0,0,-0.7583454174165454
-0.32482129784622094,0,1,-1.0358928844222988
4.227892538907349,1,1,0.9481593025518112
3.6069727200665467,1,1,0.9141587339277195
3.4880056343558525,1,1,-1.2987319948464597
1.6107633474602807,1,1,0.424378794934342
-0.3004328134936748,0,1,-1.112545319955086
3.0071198282470206,1,1,-1.051073226181558
-0.09022875889605064,0,0,0.5254124482663556
3.4056791695463913,0,0,-0.6860240000930539
2.6449429326497436,1,1,0.993479982122214
3.4664725101651546,1,1,0.038523599075345465
-0.45989976711363245,0,0,0.5361489757857237
4.943238096180547,1,1,-0.5236266978861612
3.1502047638104997,1,1,-1.151221334943593
0.9434690217072285,0,0,0.9147522410027561
3.3801674603827596,1,1,0.238071491562714
2.1699889558210854,1,1,-0.23906775945470646
1.3151691493201318,1,1,0.06923532654573628
2.5734953685477358,1,1,1.3259083425992457
1.7394973943485241,1,1,-0.6981666346200721
3.76664067409153,1,1,-0.7494084444631809
1.1564012618933028,0,0,-0.6196150527073545
1.837116057860655,1,1,-1.5849912682098666
3.1535562072765417,1,1,0.8196281375037422
2.168450288721635,0,0,0.1923696467442461
0.0993827326289829,0,0,0.20717197421792888
1.5777296255219357,0,1,-0.043347354347687266
-0.18944563243842472,0,0,-0.5101604414241099
3.30494448914287,1,1,-0.8234186137762237
4.682868464636059,1,1,0.8518564032926725
-0.15046853296171286,0,1,-1.426184672920152
1.6769791586290719,0,0,0.4402989419654114
0.398137285063628,1,1,-0.7926116507576837
1.4650004408641935,0,0,0.2823102145454672
0.9440542544663928,0,0,-0.740690522190153
3.1639625377032927,1,1,-0.52334168268403
5.101017092108247,1,1,1.7693659170270113
2.3805788850003746,1,1,0.6682826189335125
3.326927094625297,1,1,-2.1448970242756595
0.10252929612263495,0,0,0.12641241610031692
1.1391289723599238,1,1,-0.4518129362572249
2.637599177469899,0,0,-1.136626187777669
1.9213312009195112,0,0,0.20978589043119397
3.8284576634555405,1,1,0.12996551601936235
3.4669636703565065,1,1,-0.3285065725680835
1.7776401284816181,0,0,1.9727035673374511
2.884332777492519,1,1,-2.2486900668165575
2.855077397802866,0,0,0.8382193872784917
-0.7062006874007462,0,0,-0.28902327046257326
2.185230344235629,1,1,0.6565134105793826
2.0504045564201476,1,0,-0.4539977006386823
1.228899353034364,0,0,-0.5938645624450982
-2.199333422165761,0,0,-1.7103796663946265
2.737846305324183,1,1,-0.20944842827273827
0.7885220923925618,0,0,2.478745801357089
3.149659403591629,1,1,0.9897022081293694
0.2307956045100661,0,0,1.6755721558268284
2.627934712323454,0,0,0.914965318314041
1.296096252370381,0,1,1.1442627079618555
1.256732345253458,0,0,0.9028764144991074
2.7297914099249767,0,0,0.47539243176510304
1.843920715930738,1,1,-0.5825287739970081
1.1869720267174466,1,1,-0.5329347373234755
1.5802152506053098,1,1,-1.6008399963752884
2.3443692205946536,1,1,-0.005817713879992531
3.8000344523369427,1,1,0.8993556758567128
3.200179405600294,1,1,1.0319225565260732
1.636373227030357,1,0,0.09513270445541844
2.5422061404746006,1,1,-0.547627617221911
5.241805303642711,1,1,3.2905174433185302
2.0249226689759157,1,1,0.7366855312504241
2.7112628066275137,0,0,1.4205753048791354
1.5386897613466983,0,0,-0.33768064066732417
2.481501806237971,0,0,-0.03795762705459461
0.8964446284033083,0,0,0.44860709770672613
4.260869606940106,1,1,1.6765223119482935
-0.028929844615278477,0,0,-0.3114745454561275
1.1702035807695843,0,0,0.8536156667830692
0.8987206079101255,1,1,-2.094814634320229
3.8218522254032985,1,1,-0.5072544340816331
-1.0942645227906347,0,0,-1.2920090767633137
4.171369074239933,1,1,1.113362717357099
0.23412778942131074,0,0,-0.16445308828025726
-0.24312794396351334,0,0,-0.390374082006742
5.1454675947153135,1,1,1.3690998461985748
3.66509465921987,1,1,1.116272858240025
2.8842997682715286,1,1,-0.8980212034674973
1.408442513915465,0,0,0.4278664876096466
3.0383565306913742,1,1,-1.2284445685122498
4.2371108676104665,1,1,-0.4756150242111789
3.8703152047634735,1,1,1.6165776371469505
2.9459751703248305,0,0,1.4501279513304426
-0.792873111037812,0,0,1.1090187554668374
3.3446636832013,1,1,-0.5709038863303239
2.482132462626122,1,1,-1.881431470275554
0.5930384728886948,0,0,-1.1756981840241583
1.6033776996765212,0,0,0.9525565246275196
2.3970906661942983,1,1,-0.29056788616508766
1.2956198593113042,1,1,-2.1626081455679795
4.005553802846973,1,1,-0.18018748771646198
1.5184628352136953,0,0,1.410239221124576
4.50321512978347,1,1,0.6434686405195341
2.202431933163907,1,1,-0.8212585435294221
1.2135604902683605,1,1,-1.5459166520650243
4.033288522955881,1,1,-0.8265472256367883
0.9187737096552212,0,0,0.03452767132152256
4.661317583392552,1,1,0.8880737009120573
-1.2019735571031953,0,0,-1.9399401547902562
3.86951891168431,1,1,1.0232017552741226
0.6870288091235552,0,1,0.0054577265880219215
3.238941540636345,0,0,0.5697789696058284
3.4810622119454964,1,1,-1.6532555632348707
1.226957654343969,0,0,-0.6666543801221815
0.2689721826858168,0,0,-0.4482341892655238
4.505446463880816,1,1,1.0438913483090282
2.2357838804086723,0,0,1.0281740473954162
1.7707991715026214,1,1,0.43509045924833706
2.9900772940495184,0,0,1.6042121816238846
1.5993003052579378,0,0,-0.515411199745366
3.3186983395532725,1,1,1.0125371937739238
3.2940114438425407,0,0,-0.03594002979071896
1.6191774254131577,0,0,-0.6673420961764086
0.9477601770919392,0,0,0.9233800383308376
4.621690969249047,1,1,1.3811003308494996
3.848423637451646,1,1,0.8782504161848494
0.5703526778431559,0,0,-0.5094034554222634
-2.4970431514689584,0,0,-0.469787634155099
1.2572451416446428,0,0,1.3776758468060026
3.2007028945548064,1,1,0.3528264064177482
4.138181995210514,1,1,0.8295739793211206
3.183280958407882,1,1,-0.33870198366430654
1.8572632419042567,0,1,1.2610349364646516
4.1088329457889605,1,1,-0.8087551449621929
3.2597843865615688,1,1,0.6253515208666308
1.5357315424423905,1,1,-0.8171749655681121
-0.73481485611513,0,0,-2.4625750165857685
0.14425233028614887,0,0,-1.3429575106796707
0.493462575056689,0,0,0.13629519921016184
-0.423155671951007,0,0,0.8829227496258274
0.7198068218963104,0,1,-1.7513020830948152
3.165819513726587,1,1,-1.2514244689195255
1.146115582209283,0,0,1.7645459965754864
1.2192741267985814,0,0,-0.433899349823264
2.9371780933972764,1,1,0.5057001319306015
0.4411455745302301,0,0,-0.5269353213773207
1.454827297986617,0,0,-0.2985828851515049
1.4617370083742836,0,0,0.08724420660523748
0.42184025226150645,0,0,0.010961842799005831
2.1718260620741945,1,1,-0.19256021104206494
3.30841477857133,1,0,-0.4697964851437389
-1.523000446576585,0,0,-3.047860889798723
3.2300405250206734,1,1,1.8686555003337033
3.278324064179815,0,0,1.7904242082430375
2.6097633323723195,1,1,-1.1010817417192325
0.47215737984687334,0,1,-0.168107522109968
0.5097462901372245,0,0,1.3752753047124937
2.2164554238687,0,0,0.9982900230522016
1.0845055977914169,0,0,1.2766016187457718
2.5610081221661467,1,1,-1.071746918159796
5.478758331053673,1,1,2.5772680961979684
2.2137544322018337,1,1,-1.1334599597703279
4.408107425653091,1,1,0.7539163418832874
-0.07545705346714637,0,0,0.14127598044568912
-0.9647624575205187,0,0,-0.4037103179620311
1.1375420706548287,0,0,-0.3794157981810192
1.6946799787124613,0,0,-0.991396812531003
3.2849814964376556,1,1,1.622659795756807
0.7896226198045918,0,0,0.08951322776275147
2.055718875328279,0,0,0.2592179492143776
2.650205375741158,1,1,0.20963283306103483
1.6921931054444,1,1,-0.37517075306086645
1.6072245229608217,1,1,-1.1340212447550475
2.9538695206410157,1,1,0.25372630968396137
0.40436376386425876,1,1,-2.093639449958927
3.099469572348114,1,1,-1.4185669428356145
3.0357957568699985,1,1,-1.0763966949383805
3.3032912325307473,1,1,-1.0786788626723536
2.5991335823803063,0,0,0.10718881656708051
2.7867095989289545,0,0,1.5984875483247432
3.690336821354629,1,1,-1.5153241440649667
2.8665845175440947,1,1,0.4336760205966114
4.610240547337413,1,1,0.8995447533210393
-0.8448793280568503,0,0,-0.9895322022888755
1.5870915417289009,0,0,-0.05279940152247909
5.069745510310022,1,1,0.8236109026220566
4.9296654201029275,1,1,-0.2555091025473886
1.1806137881420706,0,0,-0.22068434725121291
1.9183747102259183,0,0,0.30772679121061786
1.891374377333187,1,1,-0.06001325333327087
-0.8115864625200877,0,0,-0.5556528899392178
0.918351634727168,0,0,-0.13861501946089108
4.234320698784992,1,1,1.8828397923864713
1.3043833272425838,0,0,0.8736686796060283
1.740311621411029,1,1,-0.9145970728276233
1.1553258197190295,1,1,-1.2449176223313199
1.7612530726966054,0,0,-0.3599822406826078
4.670367260590389,1,1,1.3287747009479838
2.987201619455973,1,1,0.29267911841695293
2.330342073725836,0,0,-0.7015052368406616
1.4564402930415328,0,0,0.8822345678180202
1.9104335994705204,0,0,-0.13337038872289197
-0.23174280789992596,0,0,-1.1206784992914183
1.8363623575351702,0,1,0.46119245421178834
2.42222398144944,0,0,1.5241428101788115
1.5069134349128348,0,0,0.4344682981328278
4.1869515304927045,1,1,0.1920003711389287
0.5384764695550881,0,0,-0.6562431284170578
-0.7218790442352743,0,0,0.5683985308695277
2.1279794873661246,1,1,-1.0705705348903856
0.9326941290594438,0,0,-1.6531490244808913
1.1042190051108143,1,1,-0.04335276849375409
-0.7324105572251274,0,0,-0.03459350579903832
2.2053221891465946,0,1,2.365055532002811
0.5124451864605402,0,0,-1.2163473078918985
2.3045042890259477,0,0,0.1709063233490441
1.3410620917653087,0,0,0.8050530936221936
4.0332641132240585,1,1,1.0505928441158847
3.2679211118678477,1,1,-0.010724484659323581
3.3728707168689533,1,1,-0.7432561414292517
3.883260813097723,1,1,-0.06578405186998708
2.6361749820106892,1,1,1.9397559919371588
2.5578740308393777,1,1,0.48273900817583304
0.8964320937170049,0,0,-2.044477072558074
-0.455262242726471,0,0,1.4234591286502494
-1.2986133647211333,0,0,0.540502660915081
1.119428626973026,0,0,-0.03357177183752501
3.0246051849307216,1,1,-0.017863621110098638
2.5776810139183652,1,1,-0.1497897197934033
1.97656410718632,0,0,0.25655948095524983
3.940329848822374,1,1,-0.5038669330370166
2.132044441202372,0,0,0.277011251660008
2.357713535054686,1,1,-0.9313560248207411
3.072956635914001,1,1,0.20014687527475664
1.8583820848078627,0,0,1.1068374206664453
-0.8716057182050321,0,0,0.5092061136538016
0.512693952567616,0,0,1.0337496764511125
1.2514287422784955,0,0,-1.0908687618026174
3.27451595541371,1,1,0.054792784472596785
2.005950867411502,1,1,0.6172503027220625
3.7549760642952226,1,1,-1.0680048677332843
2.272687794588172,0,0,1.5658143370584596
-0.11975745966948426,0,0,-1.0348080109852613
3.0935513828143937,1,1,0.1645187085058397
1.1427479007831194,0,0,0.15183233035508062
0.7629658797174006,0,0,0.12167030196685442
0.7119544758774918,0,0,-0.21042458364346817
1.076678220039973,0,0,0.4499367871462046
3.1445112133698916,1,0,-1.0311644918974627
1.354972342199075,0,0,-1.2893641882232225
1.2248251434193915,0,0,-0.6545686381132457
2.7172229270116404,0,0,-0.05732410384777964
2.248857924477342,0,0,1.2567478203570457
2.1163508320898963,0,0,1.587454139864543
4.000186100633828,1,1,0.3194814625447458
1.0550842473256854,0,0,0.3815916226931482
1.6104836458947087,0,0,-0.24364488363944511
3.0291986200790597,0,1,0.048053084053034094
2.0896384565753907,1,1,-1.404545861101792
2.179433929213732,0,0,0.28993372889576424
2.757060391199993,1,1,-0.535553582293745
0.41944600778963714,0,0,0.3346787731005488
3.9606996254629463,1,1,-0.3459813391545017
3.1283559168496184,1,1,-0.6616157348364468
0.5736339430974464,0,0,-0.2191113768020462
2.5781393990108157,0,0,-0.3669049106337066
-0.30929275434515424,0,0,1.0945782078423703
1.0417486752423404,0,1,0.2092080824371277
3.007820605443398,1,1,0.4324914261532155
2.2487385719866912,1,1,-1.2408535858007765
1.869632974003242,0,0,1.4968217096280179
4.941421565674763,1,1,0.15937044116076193
0.49636225217405894,1,1,-0.8562814034032533
4.19172406806299,1,1,0.3090466454468212
0.6748763144799288,0,0,0.870434029844877
1.250333111786535,0,0,-1.3836771383015611
1.3976446658770665,0,0,1.6901069700305613
1.7826928051091708,0,0,-0.15803070517836224
3.338660787591932,1,1,1.1211707806486448
0.4256789118232147,0,0,0.07226131908891507
1.6055607685867317,1,1,-0.33242284456672405
-0.9150643952333403,0,0,-1.8349200466268638
2.0870292677900277,1,1,-1.1001722185871914
2.9389805801687077,1,1,-0.041340299917430955
3.9282579218891547,1,1,0.8278525451171423
1.9829104221280387,1,1,-1.881678654154572
4.9201415338509475,1,1,1.3754411123242438
0.45962856755025006,0,0,1.3989904643029751
0.9832172081379397,0,0,-1.1433162559109407
4.152817103151334,1,1,0.4723005621931103
2.9934455421047135,1,1,-1.0336392133542112
0.808362875950696,0,1,-0.12519997868828364
0.9589614816730744,0,0,0.9286627388466829
2.024558898367156,1,1,0.8683396476987716
-0.9682460048826196,0,0,-0.8491746036334779
3.5053019979535898,1,1,-0.38663645447556605
0.1937921433712475,0,0,-0.9761635709971657
-0.3445228978707855,0,0,0.33954365990491486
0.7358418035390994,0,0,-1.5590751644337728
0.4749440757440798,0,0,-2.629325441551361
1.583902965632598,1,1,1.4698122818728592
5.974955242825212,1,1,2.273472912994724
4.007568727502333,1,1,-0.45503354023882847
2.1142916115934076,1,1,0.7611024870948921
0.19202759009590475,0,0,-0.007502783709721126
3.945506383204779,1,1,1.474313799715992
1.641483922965735,0,0,0.5541439325693809
-0.08870123075055814,0,0,0.2036639651161509
1.4633267934067011,1,1,-1.7991364517658726
4.625217379310447,0,0,1.0829556807977545
1.7620713643088677,0,0,-0.35085361504685575
3.688792944468223,1,1,-1.4034900847150267
0.10567683402331252,0,0,-0.20179666491333048
2.6289781968086476,1,1,-0.12677815979230328
0.17822559419002837,0,0,1.0592068726661539
0.7787392654073395,0,0,-1.1673960322639958
2.670929209576215,1,0,-0.5576436273184446
6.055879410130016,1,1,1.4881199283831594
3.361169553391215,1,1,1.3586657687700314
1.592311647121086,0,0,1.1632145439023625
0.8895761834980609,0,0,1.6615239453478807
3.332357400525531,1,1,0.20403097982989624
1.9252072054421796,1,1,-0.5818836868697749
2.239152709323087,1,1,0.5552040618634221
3.4251668143021754,1,1,1.058723125825928
1.3035140250977322,0,0,2.41363327147105
1.155019653870025,1,1,-1.964982332711188
3.6463819363087575,1,1,0.2732357030668174
4.416277258540486,1,1,0.6547945828696455
1.8416841738601235,0,0,-0.05459865536038311
2.2159156234638018,1,1,-1.5578222484851116
3.461790985697006,1,1,0.7415008920862445
-0.14708854383609382,0,0,-0.7790857412639194
3.54807775347752,1,1,0.5058614988305126
2.452480436845784,0,1,0.9075517060178507
0.6700872476149698,0,0,1.2839570104745934
1.2203144007813478,0,0,-1.5578637973855691
0.8911741417339488,0,0,1.0817418481791168
1.0517119322553947,0,0,-0.7569813569460192
0.967048323566772,1,1,-1.2890194738489604
3.8283063871286136,1,1,1.3143206659194346
2.8838314545413075,0,1,1.146259973264976
2.8004618788255335,1,1,-0.24258326770500363
1.797006885423771,1,1,0.7595407062383449
4.201203569156729,1,1,-0.8603257414230616
0.10256339114302981,0,0,-0.15103157905204367
-0.027364966032289217,0,0,-0.09372323376087192
0.24412555559173532,0,0,-0.2807400545040042
2.3714849649855716,1,1,0.7340987364972426
3.9658975716370874,1,1,1.537327535495946
3.105283749790246,1,1,-0.4557710627789024
2.6225663899435867,1,1,-0.03265845235572894
4.640703730885903,1,1,1.6367573491654979
3.2812725978521216,1,1,-0.32904197052653794
0.41883996917042365,1,1,-2.6040381706071045
3.9166096238727213,1,1,0.5139837864479315
-0.742230430954405,0,1,-0.886468011111257
2.416951465164364,1,1,-0.998538406003926
1.4369339301079722,0,0,1.4208168135848527
1.4251357253384942,0,0,2.4479980070152325
1.6063067708373981,0,0,-1.039782541403543
3.541315798670833,1,1,1.0310251816667597
1.4714931779121407,0,1,-0.09414783836963307
3.0257084526767617,1,0,0.14180745922044782
2.7268129183770986,1,1,1.2222367014564033
3.6880320760997414,1,1,0.2136745184410659
1.7774638997425414,1,1,-0.8513653538607575
1.6143465117630353,0,0,-0.4704088747428614
5.760138238812528,1,0,0.6861352552988725
2.175196643813957,1,1,-2.3359473318599004
2.222369681209275,0,0,1.0952443818484725
0.6536386030116429,0,0,-1.5671500988322404
4.26191556530628,1,1,0.02193106281838239
1.655638062144086,1,1,-0.19035897759196008
2.6899479204708863,1,1,1.2930694860243448
1.1683444913448124,0,0,0.18884931505662944
2.991235022261748,1,1,0.10193913490521195
0.1982001980517345,0,0,0.6981358088585978
0.8326954571527108,1,1,-0.827014556190432
2.4304180802964934,1,1,-0.1958988560663759
3.2339675848441756,0,0,1.177584413807768
5.585900440881002,1,1,0.6834736209798509
3.19745699292736,1,1,-1.2754967067525278
1.6986509500633071,1,1,0.6379563674108805
1.060820121758465,0,0,-1.3775896246037205
2.160660982455186,1,1,-0.5983108037196698
3.733462695977786,1,1,1.2109203838570053
2.5519872648512414,1,1,-2.251045175445851
1.770425687375484,0,0,-1.7790141908808283
3.785070939440484,1,1,1.301372672826425
-0.11081766026227935,0,0,-0.8147927840526545
2.386795967838449,0,0,1.2437070185789114
1.7356387209737543,0,0,-0.16825020075610592
2.1177315115967943,0,0,0.4277756783629235
2.550430529712613,0,0,0.8132788896292387
2.9631476671395585,1,0,-0.6512118693600442
-0.09555930421567349,0,0,-0.30459092314660546
0.9256696762996703,0,0,-0.41509716964563587
0.6459051793927313,0,0,2.8160842760223783
4.2138781739348445,1,1,0.12614706909757933
1.742067438254451,0,0,0.4728004231110856
3.532319068543996,1,1,-0.3407535409409499
1.0401929351954005,0,0,-0.24179064265460967
-0.7018466545436364,0,0,1.3787546688573127
2.2208715521812246,1,1,-0.3388836695373905
3.9543917228673586,1,1,0.020136302760760883
0.9147867219134114,0,0,0.37696216414106715
3.6211739530053784,1,0,-0.43172374503787664
1.0419080889685541,0,0,1.9590641561770328
2.543891012520572,1,1,-1.4284596122211728
1.4576197782998355,0,0,2.011292979845626
2.17504869301526,1,1,-0.3515918888791792
1.4927242790431006,0,0,1.3571196468494904
3.715172512872545,1,1,-1.9991774110074707
3.650255470217271,1,1,0.9560806214284532
3.6606540930212788,1,1,0.8764312649768653
1.9562326047102914,0,0,-1.2712169715600856
2.3281431548322966,1,1,-0.7683238784896285
1.6144876773253698,0,0,0.1935248454702216
2.848826862144116,1,1,1.1438354287970096
1.4653559233554905,0,0,-0.7659993040286741
1.5409557921016128,1,1,-0.22412599905329839
1.7298474017851377,0,0,1.5713469349773357
1.5640443590725712,0,0,-1.127347240851492
2.812336512884266,0,1,0.9477939807168582
1.137912822506419,0,1,0.44876818923489664
-1.9426509008967876,0,0,-1.105814528556326
2.311314952510994,0,0,-0.6678678421737811
0.7690970506719998,0,0,0.7832775103021974
1.842656866768957,0,0,0.24895943271212675
2.0159062968274992,1,1,1.4250982774674759
2.252954043098632,1,1,-0.6017839620915865
3.7738168842131774,1,1,-1.7144876963794762
3.8668496621095816,1,1,1.0478269264782643
3.0392435063316565,1,1,-0.6086216184341283
3.9581545131838287,1,0,0.12034052682255575
0.49478727388100885,0,0,1.719041813851801
0.9065698471613332,0,0,-0.25041405231119535
2.249652292591877,0,0,1.5495553273969773
1.5842697527592597,0,0,-1.0971396499324457
0.6533568398210067,0,0,0.9255112361162364
3.3576395374448573,1,1,0.24679921187099785
1.2978682413821214,0,0,-0.7367715393514503
6.075716256434683,1,1,-1.2800089388896545
4.628189669872688,1,1,0.07664366359450792
0.7569957469062971,1,1,0.25516476245408215
1.1559508213817147,0,0,0.2774468170346783
3.4595100848786897,1,1,0.5368560222315484
1.5879194349142964,0,0,-0.46048556597671125
0.04497003276111211,0,0,-0.5116037221895807
4.114920469230212,1,1,0.23693787912763062
0.03646006062082108,0,0,-0.541589171621698
3.50613077668284,1,1,1.219227647043073
1.6909340018717889,0,1,0.17413587510614925
0.08432085859229688,0,0,-0.6152683160964777
2.181419638477328,1,1,-1.8068929640853275
2.2561496457994745,0,0,-0.6436811058960393
1.5593556823607966,0,0,2.0460188521328173
-0.438908216462524,0,0,-0.5607624211310647
1.3056859880515028,0,0,-0.8359993058528583
0.5419330902056393,0,0,0.6529475027778472
0.9522465369012008,0,0,0.4412931248429337
3.8836137941196753,1,1,0.7516290565912752
1.3223434613239688,0,0,-0.2779750851553373
4.740776693693883,1,1,1.122654216259672
1.7342992364868248,1,1,-1.1726088601980096
2.656950046046922,1,1,-0.048876767973658974
-0.010089462473480859,0,0,-0.7041403372179564
1.177763338732964,0,0,0.6807586380171834
3.054352500434196,0,0,0.13000676140213618
3.49380209978811,1,1,1.1097080817701364
4.001440450572414,1,1,2.058500868981345
1.581853659163614,0,0,0.14065553172498405
1.5159382906272605,1,1,-0.5346166521983824
3.5418426638208107,1,0,-0.8235167265187038
2.810118963694493,1,1,-0.26303398223064484
0.26025290974135873,0,0,-0.06960183636037785
2.3702167792256073,0,0,1.9918019147205746
2.252277911472954,1,1,-1.1291095427377684
0.3017765119096377,0,0,-1.0932174365248826
2.681142016124459,1,1,-0.4079666903177789
2.840984945968801,0,0,0.5875594634983127
0.857646064936951,0,0,0.8211118597374072
3.5002923276245443,1,1,-0.9079346992418467
3.227939410653547,1,1,0.12703860634958847
0.7008281002222257,0,0,-0.042892977897576484
2.9531836159890217,1,1,1.1952064704257663
1.177490108513762,0,0,1.0891922365020537
0.5679463288863059,0,0,-0.3122806944345209
4.1136183868406615,1,1,0.0459937666619196
2.544988385564668,1,1,0.6527226134015429
1.8165774154658978,0,0,-1.6534926365969662
2.674079291208971,1,1,-0.31027096548004574
0.6337945318943149,0,0,0.5748728840024816
0.030474392271017003,0,0,-0.5232321543801184
1.1581463856826593,0,0,-0.0599182013481885
2.73753102950576,0,0,-0.021007535433706925
2.4139125536870556,1,1,-0.7236532143163125
2.4070445337275603,1,1,-0.9944798361783912
1.1051387873800667,0,1,-0.1998672349981279
2.889897786669197,1,1,-0.34702782280708566
0.675383102224402,0,1,0.8340950656614534
4.753232305378807,1,1,1.5298822124949227
1.7635145777516854,1,1,-0.011922379366647194
0.21925563438056006,0,0,0.3986719924915465
2.5493610101673183,1,1,-0.07041531390572908
1.0222389814407953,0,0,0.601359843881131
2.163347078682485,0,0,0.21849546227879746
2.495238799046284,1,1,0.23659550186020864
3.378265741550376,1,1,1.112915127616003
0.17390372002390353,0,0,-0.9874211493954547
3.3278158373440094,0,0,1.4478640131254945
2.6233776668770314,0,0,0.34911241217982936
0.032011355319716106,0,0,0.18082201071219464
3.156393412780214,1,1,-0.5602418511305788
1.6208597303263175,1,1,-0.16387759158252943
0.3577689719417656,0,0,0.37368480443044355
1.3865316289293834,1,1,-2.0637142573984213
1.8519372166490164,1,1,-0.6015219488380924
3.521589098133008,1,1,0.5859916123058095
2.5395734403796073,1,1,-0.2944817863517749
2.9059383553804867,1,1,-0.8005275454842625
3.91179029163339,1,1,-0.6356945311349901
2.2889774409197043,0,1,0.23574903241404346
0.11129516247984794,1,1,-1.6348323848475088
1.1812029099893107,0,0,0.8712292405822065
0.39192920288410066,0,0,-2.1689346744359477
1.9131661512224192,0,0,-0.5033395223155588
0.0358933163288232,0,0,-0.7871824789734866
0.5035278238657699,0,0,-1.2486002095484188
2.0931049598326,0,0,-1.077907340112954
1.3240325464787857,0,0,0.2500773536056022
2.816016052200289,0,0,-0.11977403121588011
0.6328185488344285,1,1,-0.30085263245286026
1.8734959142697811,0,0,-2.3207637755818555
-2.0371464973574613,0,0,-1.3243207114957858
2.0674291533795257,0,0,-0.1313071124627027
3.6242055843705088,1,1,-0.87803515301306
0.22170825228928093,0,0,-0.7967689303110083
3.193769762422005,1,1,1.0495407129977024
1.443342256176553,0,0,0.1755883485173412
2.6479662882160873,1,0,-1.04384462163877
1.0048905863236537,0,0,-0.46869601500221425
4.171554820801422,1,1,-0.2849034815508694
2.8891273861738247,1,1,-0.680295181235103
-1.5462821762779855,0,1,-0.9640536104945644
3.3903721485222333,1,1,-0.051804082000394186
1.0478667569920512,0,0,0.7411947195197623
1.9563395310611464,0,0,0.22685200356729512
2.0249879451268535,1,1,-0.20014701271576105
2.9433399085951857,1,1,0.387820244768823
-0.14092453822140438,0,0,0.7939183670514974
-0.5537907913415279,0,1,-0.1405139582483636
1.4831644724802369,1,1,0.4558051989458742
2.4514492248298856,1,1,-1.1455729070859644
0.13356077576374092,1,1,-0.2496506881688706
4.044359554992363,1,1,-0.4202982754940417
2.4472110542269245,1,1,0.19566450356004084
3.193329513133482,1,1,0.35731951384298416
2.1362925596201614,0,0,-0.12361797899733756
2.9181119452888087,1,1,-0.7662142227898014
0.9568316707266267,0,0,-0.9297142167847186
0.5026501024668709,0,0,0.2785206106020793
0.384160033430065,0,0,1.3568368522754186
1.2480054545174788,0,0,-0.7871355949296953
0.6045948841969623,0,0,-0.3847986722971946
3.165301796098972,1,1,0.33068056025194276
-0.1019048668261503,0,0,-0.5546204500628298
2.5040767569758944,1,1,0.12157231482045276
-1.3152255612519437,0,0,-0.047596116978360234
-1.0404955720924238,0,0,-0.7762515905666828
1.8444699239293223,1,1,0.8314412511383116
1.2428487940100634,0,0,0.8463078372229703
0.4456700888059346,0,0,1.0241395066572005
2.0230888253881996,0,0,1.2679965861823759
2.7820527047135784,1,1,-0.5063617879225755
2.269304536300036,1,1,-0.4644818965083054
-0.4748227142238335,0,0,0.2612180004917402
2.644108084922393,1,1,0.6300809765516252
3.7229128218728706,1,1,-0.33962615622490394
3.265127038952807,1,1,-0.423344808400481
2.378996798919416,1,1,-0.6182715275546519
1.4967420777347895,1,1,1.4822018907267425
1.2597160920375432,1,1,-2.5081663520414756
-0.008080149075752718,1,1,-0.16757803378387975
2.7929491201354057,0,0,0.038212877053534135
0.5039076374805598,0,0,-1.0596096029935695
4.453778899709053,1,1,0.3854258948206376
-0.15750473299266812,0,0,-1.9670876838101063
5.553033607007649,1,1,0.9549688611119181
-0.7303221284326653,0,0,-1.663360584870596
0.7366228814530488,0,0,-2.2027348800970254
2.607274455115054,1,1,-0.7635638257920286
1.8081701051419836,0,0,0.1620803939123213
-0.6510148485147691,0,0,-0.6515671647641644
4.9585197291998,1,1,-0.5592869952776186
3.469038761406101,1,1,0.33320497505777946
1.9738365636176791,1,0,-1.0589009214884517
-0.22914978244342044,0,0,-0.08584954576047256
1.7236248610425202,1,1,0.4979329929293946
2.0006577325477046,1,1,1.6339896567086085
1.522186015718168,1,1,0.4794518812401966
3.8970935458092035,1,1,1.714762992166759
4.348136486137765,1,1,0.4531600335297159
1.3522950975374455,0,0,-0.0032411268253602498
-2.0603624004032675,0,0,-2.2565348562493934
2.473423948989779,1,1,-1.2246585519306437
4.340586637550711,1,1,-0.3189626237382235
2.3708231560590036,0,0,0.7122704558537826
2.682652542837834,0,0,-0.32251357317817037
1.6914067728877986,0,0,0.5436486212548373
-2.8212815244769383,0,0,-1.0638113518387409
1.5053182084388887,0,0,-0.2741297173505571
3.3215966557717675,1,0,0.21700603247715006
-0.8979816230736022,0,0,-0.35938571816561066
2.9249636128260494,1,1,0.11283169498315024
-0.007253484354253215,0,0,-0.6707480260532573
0.7437077173868325,0,0,0.3743452232595038
3.4307433218356875,1,1,-0.08105489251125737
0.38461144007378567,0,0,-0.04704934665312854
-0.6263094305426664,0,0,-1.9487870864461454
1.2064018566086627,1,1,-0.6736685812787407
2.4274625579906215,1,1,-1.489644084898248
0.7481064871671407,0,0,-1.6057180576203036
3.3247804901669866,1,1,-0.49388310084523634
4.108780163857604,1,1,-0.16079836774560313
-1.2235337021463095,0,0,0.2836002258006194
1.578855366329234,0,0,1.0912626503003218
1.887902467568503,1,1,0.4444002969225847
2.114820963123191,0,0,1.0120703407584752
0.8168697409098746,0,0,-0.5263102876345331
1.7773518909176167,1,1,-0.30784017318878687
3.16503077801793,1,1,1.0851688844262526
4.403484267212326,1,1,0.0012071839381037818
-0.3815643042546335,0,0,-1.6802447156833742
-1.1481990072679318,0,0,-0.8465555190921247
4.592990867450325,1,1,1.0075920598327341
3.86439497624516,1,1,-0.6107372576774601
2.559565336287146,1,1,0.3334441327771222
2.661234203069111,0,0,0.014222695680645084
2.585740629934376,1,1,-0.4963576073496625
-0.44941218759506607,0,0,-0.35078639240638104
2.889819416175248,1,1,0.3917205478580947
1.3591298396242606,0,0,0.20957882889224522
2.1798061724513307,0,0,1.234670139899166
3.285228634513213,1,1,-0.19981978443493656
3.774575133511474,1,0,-0.9232080420266825
3.313883555519695,1,1,0.1659031015794433
1.8694424345712677,0,0,0.7053345532441803
5.166562615382897,1,1,2.2819669557269937
2.6018449145980425,1,1,-0.46368301310373355
0.04525613460546318,0,0,-0.3263535719082666
3.1590943255734465,1,1,0.8824932103979493
0.3072771575524158,0,0,1.2812861265044637
2.720356084682834,1,1,-0.6586818566049754
1.8360827592973437,0,0,0.6645704549444132
-0.32970659179224304,0,0,-0.5651575140423387
1.6494403606772483,1,1,-0.9621782702422382
2.2032617501077016,1,1,0.6233609019002571
1.0128029278456887,0,0,0.10649777220107108
4.611240214578342,1,1,0.38933087814222045
0.07705438018779132,0,0,-0.580503496721951
3.2689307837742323,1,1,1.7949779559267636
1.3073178438894457,0,0,0.6652880090477072
1.837322451460953,1,1,-0.37440242565203263
2.3663467257118187,0,0,0.7027489310104583
2.0908355013950697,1,1,-1.2145143838936776
2.0621793039498826,0,0,-0.1377501269492269
4.341130527465646,1,1,1.403357898680523
1.7005391289141714,0,0,-0.18883931160434417
1.9761077305010963,1,1,0.9104903719955493
-0.7916417189712948,0,0,-0.2219220001899123
1.9099622747620801,1,1,-2.298026400306224
2.2015897076843305,1,1,-0.8802125455660964
0.7721179902633932,0,0,0.22273568903497049
1.6210784424637203,0,0,1.4465527109340062
2.303883076812318,0,0,-0.5934021250008334
2.6761864702997378,1,1,0.275979011382551
1.8999668150184916,1,1,-0.9648192894795669
2.119110914428649,0,0,-1.0164562413337992
0.8349971550649955,0,0,-0.7773166434168223
1.9269512415842278,0,0,1.3690620673335796
2.1751223439587397,1,1,0.940310089910901
2.046074230383341,0,0,0.5936651573176999
2.726386663249536,0,0,1.1154625534364764
1.502080928569106,0,0,-0.4244249967335063
2.230221078942532,1,1,0.7595769368931218
4.555189390426791,1,1,0.20962927787154928
0.17766626289693221,0,0,-1.0491009248128174
2.421080033098537,0,0,-0.8310622222817433
1.4897668959074637,0,0,0.05005293191914577
3.5190942811724666,1,1,0.2056300614965444
2.846994807993897,0,0,-0.32135841866097803
3.7100887097210684,1,1,-0.996491243786537
0.4152440451692855,0,0,-2.090891940489157
2.4265541797894103,1,1,0.4252354794410991
1.7539981863032748,0,0,-0.29527170913709677
2.0432960235414153,0,0,0.5491608831812799
1.7138961108757995,1,1,-1.5458918132501644
2.154171378444051,1,1,-1.2533359353124425
2.669190611692605,1,1,-0.11133187467196781
0.6498217251147642,1,1,-1.412813535631703
0.6867893251288235,0,0,-1.9829538507207112
-0.0968117871143821,0,0,0.7835954078335663
3.795892674853116,1,1,0.9008693397495332
-1.061529316539962,0,0,-1.0299636420045029
1.8203849948435598,0,0,-0.2720572685665932
3.255392298082181,1,1,-1.1339729051712544
3.0306716333409276,0,1,0.3164269167529841
-0.2006680363022627,0,0,-0.029678301001991567
3.5201695715087853,1,1,-0.8694604509593664
0.39746637026333,0,0,-0.7742175438961854
0.6849177974419175,0,0,-1.062081193428197
0.8040227976179468,0,1,0.436374262192543
1.7005506927572949,0,0,0.5710088478141007
2.076892623521031,1,1,0.37647489441588616
1.6764240390148184,1,1,-0.8428896974159772
0.9275221394499887,0,0,-1.7861696282352726
0.37928870659238,1,1,0.530875663154472
0.6386974617383525,0,0,-0.17705894739431857
2.536273318499541,1,1,-0.039392349971496696
2.262575102591896,0,0,1.0321279848733866
2.9838634074682457,1,1,-0.8935158344015999
0.21774981683509176,0,1,1.144015325685013
4.2762846118344,1,1,-0.4131914952129293
3.699134333006098,1,1,-0.7131878217560127
2.3348620790633037,0,1,-0.2057461438175674
0.22211005140998152,0,0,0.39001972884284614
2.801009870065629,0,0,-0.20721564525572367
1.7553683860428486,0,0,-0.9005072205478586
4.015985464383952,1,1,-0.2816242787907787
0.518861265668735,1,1,-2.5419311011379797
2.677714927315725,1,1,-0.5085116818724448
3.4162617278138123,1,1,0.4559662175390266
-0.4531378568296497,0,0,-0.16925977453208688
3.142693398832714,1,1,0.6883277222612258
4.0204924643365505,1,1,0.48598243397446017
1.6377266115890081,0,0,0.6456467463555882
3.569287248919015,1,1,0.6560449450254823
3.577515554150552,1,1,-1.7385807613742659
2.2474553867100027,1,1,0.004159680018443051
2.6081240450077905,0,0,1.6300673346068264
3.8273866268279138,1,1,-0.48048522704441915
-0.08071945046384199,0,0,0.4528024424205636
-0.9189909794653497,0,0,0.14339373097993627
4.239080917671166,1,1,0.5570122251880225
2.613269028281269,1,1,-0.27203011717051406
5.0710516769952125,1,1,-0.6482992965160024
3.354614785734993,1,1,0.07196084436564501
1.0763723819411455,0,0,0.20781483070341325
-0.8235841834793605,0,0,-0.18533228968386467
2.2063228867312636,1,1,0.031440665026446234
1.8269761012080488,1,1,0.4113519336907779
5.46065208806511,1,1,-0.7761838904624628
2.2902085482940353,1,1,1.1396776571980622
2.7217732306008395,0,0,2.200760270746587
3.080096906808278,0,0,1.4772053287348412
2.4489793525348817,1,1,-0.45441785070756824
0.23293983635083235,0,0,-1.8228872690324471
-0.05475380537596575,0,0,0.05419795710959516
1.434159268228574,0,0,0.8802732206040695
3.028047664878652,1,1,0.7781066979356667
-0.3682179255592487,0,0,-1.2297467747117425
3.0404028311152795,1,1,-1.1131485107434125
0.23413294675280993,0,0,0.13374463487763716
1.7680159969700886,1,1,0.626081345376854
2.2594560692789014,0,0,0.8729316638554586
3.6101938945629692,1,1,0.8163919789389571
-1.106836032551132,0,0,-0.9679754919664888
1.6398745942695108,1,1,-1.3126050561999858
0.844986210915931,0,0,-2.0125197779592847
2.2549540470945537,1,1,0.5049326977278172
2.1889505778175917,0,0,0.8281115657694265
2.8404507470652858,1,1,0.33585068882504426
-0.9475192638291644,0,0,-1.0591244460113127
2.2546587371741293,0,0,1.5677167499493458
-1.6739769260875692,0,0,-0.3701466243633908
1.2426793291961875,0,0,1.7790383614956935
3.1897168016263038,1,1,0.5514020050805752
3.8460772330317683,1,1,1.1903106450855232
1.4223047929026698,0,0,0.3306022262944058
3.0822487482452683,1,1,-0.0646522280998777
3.8786862245628067,1,1,-1.0125480683732144
2.4353737206261337,0,0,-0.5585141901913594
4.808391003177199,1,0,-0.047107836276425286
1.8297241699358264,1,1,0.2820740679850429
2.176929093041347,1,1,-0.03321921233109642
1.652332160238869,1,1,-0.17797198909341674
2.673297087362045,1,1,0.18348551694206106
1.0431545599224543,0,0,-0.5243720425975158
0.9190930685994754,0,0,-0.5359374563395098
0.04095524000793224,0,0,-1.4557047016560245
1.2678343084504864,0,0,0.8462714702680065
2.6053824435775423,1,1,0.046932368001524026
2.0975382746377207,1,1,-0.08362423342734755
-0.10410637529255562,0,0,-0.7409186147749167
2.0470617767426176,1,1,-0.24777386390240674
1.949397494194968,1,1,-1.086782855701297
1.0808103295971463,1,1,-1.049297352352749
1.2733999822698934,0,0,-1.9189517717065951
3.441966376817075,0,0,0.9816987726484356
-0.24590231577093769,0,0,0.12596408214529747
1.6971327471005329,0,0,-1.1167763755544307
1.6951374458249502,0,0,1.1637866037459028
1.3390503875026667,0,0,0.624591683369118
1.4296481027102088,0,0,0.7423822745846635
3.3442683669787585,1,1,-0.22577056694281802
0.8912776520715617,0,0,-0.4228720065856575
0.09005668333070371,0,0,-0.09805290200649289
3.34044526136117,1,1,0.40469065623758155
2.2744969303827056,0,0,0.7999146066411164
3.5588250353724065,1,1,1.5894691499569285
-0.47895585742590274,0,0,-0.5090704041372714
-1.1590850602213507,0,0,-1.0155647481514813
1.6731349679349155,0,0,0.10085866561042912
2.447130788315928,0,0,3.022104185290387
2.1924489643715153,1,1,-0.4286158450837039
1.798443972414932,0,0,1.1456812177847597
0.18245789270459267,0,0,-0.2430982095850928
0.6783597935430492,0,0,-0.4785432377638774
0.9306675219716161,0,0,-0.7104171222075562
-1.1445152883521441,0,0,-0.21124462771760322
2.8365717073236203,1,1,1.641784470875433
1.8292865827054976,1,1,0.30184672056343925
2.0063547046859576,1,1,0.4873291232152851
2.971869967920953,0,0,0.8387357924322612
5.219474806743451,1,1,2.071741512886003
2.1521449444610954,0,0,0.7756188420795307
1.9156609792612547,1,1,-1.4271113529519337
1.6677729453711443,0,0,-1.0335113354661456
-1.0158714381893774,0,0,-1.5894551135918253
-0.4202474319424363,1,1,-2.8485467698937876
-1.3816787548676892,0,0,1.290733927792606
2.980451607239859,1,1,-0.493723874282408
1.2339559479195648,0,0,0.394970677706016
0.8007174599279904,0,0,1.1816178531439139
3.2332421527897646,1,1,-0.5118326945804706
0.9748834755251349,0,0,-0.13496764866222088
0.8725695379352656,0,0,0.3502561795244546
4.387161234296612,1,1,0.2258792218176246
4.052791146268106,1,1,-0.7743152495881033
2.4078331727132305,0,0,0.7308156100065911
1.8694084449867443,0,0,0.5456355282424655
-0.145690000087338,0,0,-0.2884492959214907
2.140483028173052,1,1,-1.2223809108590025
3.2722612244948306,1,1,0.6333335955685858
1.8633456114123796,0,0,1.4275196559150003
2.808172128733396,0,0,1.3805174933893556
0.016846770956968404,0,0,0.8726345667953378
-0.5971865990103642,0,0,-0.4831350686522723
0.6742805802501527,0,0,-0.5313469194905489
-0.7647499703531181,0,0,-0.5876847565859007
1.9108570293513998,0,0,-0.4116978689875027
1.1864462008722236,0,0,0.7091856212533847
0.4353971275407784,1,1,0.25639675353565655
1.8333406160330077,1,1,-1.8563605863048016
2.2811173176076602,1,1,-1.860587629814454
0.21733235503970405,0,0,-0.022834093734352183
1.8091597168484246,1,1,0.14993874728103912
1.8592890177293702,1,1,-2.3074743420352926
3.81566187273695,1,1,-0.8164472258121069
2.53431835349226,1,1,0.0275611516966839
2.841201946256863,0,0,1.461785915176476
1.3947691877437736,0,0,-2.012868728322283
1.108215233558076,1,1,-1.255444277981978
3.3254597287283776,1,1,-1.0803068472182236
0.9797174743792192,0,0,0.17539607864885126
3.4111815139628665,1,1,0.3308392214142527
2.594851641011133,0,0,-0.3206892313003926
3.174330730835244,1,1,-1.6123286879499859
2.2022666666924495,1,1,-0.6305524168643191
-0.7810747282602358,0,0,-0.5604859866558851
3.261823267790977,1,1,-0.20258128441701898
2.339015252069511,0,0,1.6228851811316756
1.8751891474343854,0,0,-0.676770530437996
2.4675305360289017,0,0,0.07626440513869114
2.8627596819822685,1,1,-0.7053983416269112
2.547439073461032,1,1,-1.240227849043919
1.7586978896059757,0,0,0.6359478978686004
3.5581319231294084,1,1,-1.050628679652747
2.535009641402093,0,0,2.7352091896221937
2.6572288723797124,1,1,0.09256293782721456
1.975945056925345,1,1,0.06025357607867636
0.9803666272963648,0,0,-0.06654521101086049
1.9065457683868414,0,0,1.8436455400400584
3.3323822793769833,1,1,0.6639271104036057
2.4803417065225704,1,1,-0.25099064374796853
1.8259026122587532,1,1,-1.1661898066108356
3.4066088103380094,1,1,-1.0387277607174439
0.4640349877631429,0,0,-0.7849893053373103
5.166011619329595,1,1,1.2149484309783092
0.12256489465240905,0,0,-0.1889815757709026
-1.2225465848088535,0,0,-0.7571986226798254
3.2360571655584067,1,1,0.792059477880274
4.584533983555059,1,1,1.345180019022172
0.4992541858913561,0,0,-0.6945314840713152
-0.8013279631042751,0,0,-0.444932544042374
2.589971691994004,1,1,0.3452841867237855
2.958539176402428,1,0,-0.004844436535966924
4.507489722516786,1,1,0.40636647148477717
4.980401700859293,1,1,1.7141985257714312
1.7809228457212192,0,1,-0.06038655412096439
3.331030983915353,1,0,-0.2807022675342426
2.4291068694324416,1,1,0.48541446089445633
3.7864799466812893,1,1,-0.04934452973996204
2.5322836163925615,0,0,0.6277650615327857
3.6302145249359024,1,1,-0.2239711514202565
2.398304479252344,0,1,0.4435227144011075
2.5222369461988747,1,0,-1.563740707567892
4.025503274185123,1,1,0.013903658303391648
4.145460584121004,1,1,-0.5162159872836841
1.4364451107756158,1,1,-1.1905425755175285
2.3125973167979,0,0,-0.41306920783702766
1.950865772267294,0,0,0.3719949454229079
3.7515432423527924,1,1,0.09234296402046377
3.4202896511885457,1,1,0.693483762521126
0.5154370955944576,0,0,0.9408992431535469
0.16414220995305095,0,0,0.8284640297278588
1.1404524533798406,0,0,-0.32448917647534786
2.191586264398226,1,1,-1.3281561980570555
1.924862287117688,0,0,-0.2803349699123615
3.568507182486169,1,1,1.1696554365108158
0.5681753153126923,0,0,-0.121476364908072
1.6927252898687368,0,0,-1.637291651045118
2.980348878139166,1,1,0.4913832228697763
0.46644954422333884,0,0,0.28181931069337074
3.4712575999191353,1,1,-0.4006033551921848
2.5899009153526293,0,1,0.1733615028560026
2.707820219839874,1,1,1.369387669545333
3.3763810914490318,1,1,1.2991960937568392
0.42651797293914834,0,0,-0.4562968935454588
3.038127199505553,1,1,0.010664861858055989
2.6041337667444204,1,1,-1.454089144934241
3.3661919617314284,1,1,-0.7277533259687436
3.051185133624272,0,0,2.0082403974651797
3.0193626724744522,1,1,1.4980096855109506
2.8714122981309504,1,0,-0.2292547252831336
3.4413734710093986,1,1,-0.6924651453027735
1.7222108684055204,1,1,-1.366623297168402
2.519344755958489,0,0,2.126051853763695
2.801498956544273,0,0,0.11462972483847392
-0.6394851355501809,0,1,-0.5939489093671172
2.263242835789157,0,1,1.0780673379512546
0.3779802908315265,0,0,-1.099585832858914
2.362098722609155,1,1,0.7265641976064524
3.9837480391888573,1,1,1.4408703022385987
0.8454475565324966,0,0,-0.2101701596216645
0.7018773168015222,0,1,1.4512809438833691
1.340651499604454,0,0,0.6415514314092493
3.245044021431581,1,1,-0.6788076188799587
3.089628544114966,1,1,0.5743127363474614
2.445236284079795,0,0,-0.7045145262889286
2.2958214012880975,0,0,-0.5339840572299358
2.635929838117473,1,1,0.7743846066176576
4.140600129259492,1,1,-0.47562139533880265
4.249254787267745,1,1,-0.024427378886850062
0.862097018377661,0,0,1.0190080962843677
1.9660999819488414,0,0,-1.2055803955985565
5.463404837264864,1,1,1.595293867472034
2.647160838312997,0,0,2.041955459993003
4.199364987298902,1,1,0.614481250043309
2.1983504907972815,1,1,0.4219311741368237
2.6159073040859333,0,0,-0.49642166769322843
0.6518175149168182,0,0,0.49096141282603495
0.38845029586831176,0,0,-0.5019821696035136
1.65565568441483,0,0,0.28816981825161647
0.7598288135634517,0,0,-0.6866260082411283
3.077285974716277,0,0,0.7884037860304992
0.6108177148405907,0,0,0.6913688409636857
3.083742515936964,1,1,1.242999008051327
4.254370048510265,1,0,1.982209712429167
3.2403661609988164,1,1,-0.6464418346191461
4.4119953837683354,0,0,0.96618929222735
0.9863395955668173,1,1,-1.4272674470952094
1.8880068088465276,0,0,-0.4574837586480238
2.3623126172627487,0,0,0.9454666846084645
1.7335392879177314,0,0,-0.7383891503690581
1.903774188996237,1,1,0.3456406998779042
0.9136708621802757,0,0,-0.9004446938952714
2.3190343534810784,1,1,-0.3703507041150595
1.2264549701805427,1,1,-0.0407969264500623
1.791625164233607,1,1,-0.6123187664060441
-1.0169088100433956,0,0,-1.9458520898163671
2.7592629668889326,0,0,0.2430963295275754
0.5297131991496759,0,0,0.47490009540452666
1.9663330975566256,0,0,0.13671457406114243
1.3615513146704052,0,0,-0.4887477256883101
0.6553854806836564,0,1,0.9002036572604379
2.0769398041462424,0,0,1.0775356600614177
0.36953804620914976,0,0,-2.373670856049918
2.4097579997377085,1,1,1.1245748375291145
0.8353467811123612,0,0,-1.7795477471535113
2.822285310932439,1,1,-0.3445503624354278
0.2059835037097586,0,1,-1.109173113759277
-0.20037441811863876,0,0,-0.6301057829230926
1.484380841066606,0,0,1.3168837687242412
0.1824051384886789,0,0,0.534513388284073
3.2229595668050237,1,1,0.4938980857418806
1.8282504162893454,1,1,-2.0779924313448133
2.852872724317014,1,1,0.19632534274156432
2.4281021823729265,0,0,0.6288031538738975
0.8113657893226591,0,0,0.8609471433936166
0.3810515217608551,0,0,-0.9732473504752286
2.3326195019729976,0,0,0.9375430520306581
1.6233721097071199,0,0,-1.3952057782952672
3.7651327545438678,1,1,1.7387430188763333
0.6659365296149575,0,0,-0.7986342902435353
2.481646609743677,0,0,0.7650243867693471
3.4787912334343507,1,1,0.31791134513543545
2.800026695498999,1,1,-1.0636005176128858
1.3120910376782162,0,0,1.1442586560685963
3.1165076752523317,1,1,0.03337684262739164
3.4164446043047176,1,0,0.8184077748478461
3.685108174093064,1,1,0.21819208582220576
1.288927375575662,0,0,0.868497252409914
0.7036514225305512,0,0,0.02168052089807717
3.4826346512845645,1,1,1.115228649693014
0.3646896664695477,0,0,-0.35218086491112627
2.811750307673546,0,1,0.5272883182488008
0.1294817878722847,0,0,0.3785715222439428
2.6345345707384897,0,0,0.8438597770983789
2.6790329628906457,1,1,-0.6210424949568667
-0.9317113087902036,0,0,0.17769149786786612
0.1650413613841436,0,0,-0.5801650791318489
4.61030058761439,1,1,0.9086378257334438
-0.6112629654843449,0,0,-0.6366863794750829
1.9986338097639704,0,0,1.7322386963767478
0.16721358050872204,0,0,0.7903716020391159
1.0741931163884715,0,0,-0.01370797885383979
4.626819598944298,1,1,1.206196475205825
0.752466511385163,0,0,-0.08459094013825177
2.2386295596939805,0,0,0.5632622816360335
1.993051995429166,0,0,0.5281944000151005
4.420963485969446,1,1,0.4230384324103253
4.034302514909889,1,1,-0.5967642297091112
3.374988318507987,1,1,-1.2508442776011965
0.5496761804828643,0,0,-1.6816007097738301
0.8341400062955249,0,0,-0.456296359001271
1.4790354084863946,0,0,0.6827931922024668
3.2437958463344576,1,1,-0.23903748350282003
1.497848346826232,1,1,-1.2033509334679413
3.483941150539931,1,1,2.156477601950082
2.8529728924122506,1,1,0.7020094230486089
1.4491302525131515,0,0,1.9466181002656322
1.324988394697988,0,0,1.2130363537212874
2.6388078721847195,1,1,-0.6113791183645118
-7.592876746437272e-4,0,0,-0.41192120324678594
0.04533451267806132,1,1,-1.4406809782697114
3.3877599470292346,0,0,0.7404734531096799
2.9953562240265823,1,1,1.6236592522273363
1.5618187324779096,0,0,-0.9204848780725976
-0.2187464981951791,0,0,-1.2021976468191764
3.9410546804212916,1,1,0.8826780683644817
2.104913003077069,1,1,-1.5164790356007305
2.5621805839871383,0,0,1.921611557768541
1.4371055148066296,1,1,0.572135777806248
0.3802296878787727,0,0,-1.7148950538385568
3.0281500514506754,1,1,0.35491889573242263
2.439925522077247,0,0,0.10518186581099435
1.4344720289529809,1,1,-2.4684135331846724
2.591010314790293,1,1,-0.041858030323952536
-1.1325833084233827,0,0,-0.5872607678670372
2.720585634903109,1,1,-0.8872969927572537
3.738264384042668,1,1,0.2387168197506816
1.1908514467504823,0,0,0.850890302293807
3.280192506007277,1,1,1.727008833214051
0.044078253962841374,0,0,-2.6325076460954118
0.1754629206040872,0,0,0.7436113278099646
0.838548834503705,0,0,-0.9523511113352918
2.5905524777046507,0,0,1.1563301653805091
3.0085238322408427,1,0,0.34586167415783803
1.3341870623207663,0,0,1.4449571720604295
1.9094724079835195,1,1,-1.4827613057566575
1.733239316877229,0,0,0.4946312976288396
1.8746311648041378,1,1,0.29515933803463307
2.6815798755056255,1,1,1.0478622459194256
-0.6088018922339835,0,0,-0.23116850863499916
3.3050855148346234,1,1,1.144016845928739
2.739717433867569,1,1,-0.44496087547588065
2.871475265447475,1,1,-0.429237403893111
2.844775866862524,1,1,0.025379301455784306
-1.3638969773632983,0,0,-1.069252172382295
1.4946704431681113,1,1,-0.45657164083428764
3.2590820774660427,1,1,1.110003828482416
4.101720402069654,1,1,1.6518287043057283
1.7450920841113162,0,0,1.1142546796283557
-0.26114740905663325,0,0,-0.424865175188582
2.18091744408757,0,0,0.3184798855396193
3.094607924423864,1,1,0.09848964894474303
0.02125670263298124,0,0,-1.2590274729357978
3.397367629784894,1,1,0.25740821114071505
3.4406428753988902,1,1,-0.8242933276718085
3.0717428553092,1,1,-1.0606242189471375
0.9667973690477394,0,0,0.7255054613659083
1.4649650333161082,1,1,-0.7079318871063411
3.790909596076462,1,1,-0.14404875050961502
1.4679969391363927,1,1,-0.9737155768814342
0.3415243626384479,0,0,0.05594442585314008
2.391583890496415,0,0,0.4923465531504887
0.7241115879647321,0,0,0.5025452546669092
2.206586469863696,1,1,-1.075257977229388
2.102096623913762,0,0,1.2580422500265762
3.08165566973835,0,0,1.4929717130443894
0.202311138160703,0,0,0.37291042641074923
3.8219229003721296,1,1,0.1574795478843466
1.010026390574247,0,0,0.07734290332108053
4.5498616631899385,1,1,0.25754594593974656
2.148810713964188,0,0,0.3764235887226378
3.022000203630207,1,1,0.1368236189481688
2.5721713438192433,1,1,0.6538231709147325
-0.46617370093658783,0,0,-0.33576854237753373
0.5547244575721968,0,0,1.1293449285021726
2.5389032374915814,1,1,-0.037682811770623666
0.9145869317253021,1,1,-1.7556940165361625
0.8066914898676526,0,0,-0.09972036938340334
2.6877681302314858,1,1,0.447020452653874
3.5930814485524345,0,0,1.230031672833701
4.129851556190697,1,0,0.060210432615107584
0.5382449055137705,0,0,-1.940069201671002
2.4439235272097157,1,1,0.004831765925361381
4.417247991858156,1,1,-1.1992119219674737
0.23327231155567107,0,0,-0.9761057036497488
2.450322754686181,1,1,-1.0256270512349683
-1.3298388407483182,0,0,-0.7992269245125628
4.663130801017225,1,1,1.1371290905566922
2.5294637435288547,1,1,-0.8315288995438429
1.764942313532558,1,1,-0.43906277395296583
3.0843580652115867,1,1,0.18417346140025279
2.5224627054065794,0,0,0.8903796255791901
0.7483081669070918,0,0,-0.6667050100749846
2.8902883315184704,1,1,-0.8262238638699952
3.800485619623333,1,1,-0.518615722213841
-0.5027869954319422,0,0,-1.1717186992333766
1.2107345969206993,0,0,0.9200333494698119
0.5993300138900466,0,0,-2.181958134098945
1.341022611595585,1,1,-0.5276920773549
3.4766909545254032,1,1,-1.441140022093875
0.9437394243552144,1,1,-1.9567847841897763
1.2830548222315508,0,1,0.02865819707926181
1.9464218811147636,0,0,1.5382356613227777
1.223023907400011,0,0,1.6346403547998216
0.934973171635628,0,0,-0.5627762083527648
2.45928278430921,1,1,-0.6969557085182437
3.6248313549586877,1,1,-0.5382263034715872
2.009810549122289,1,1,0.7101102317838511
3.0168433572971773,1,1,-2.561696962980021
0.871021370688986,0,1,0.24770047442229023
0.05544880318042389,0,0,-0.40554038100755374
-0.4349184910952859,0,0,-0.7439384968511038
3.076855623577907,1,1,-2.0061200313201244
-0.6414888805158594,0,0,-0.20582641778295271
0.3134367914052146,0,0,-1.6490567724558673
2.3961763785437116,1,1,-0.015307873192336499
1.7840359630169478,1,1,-0.8949016775134193
2.8624112634333327,1,1,0.0463197241835662
1.2892827255245587,0,0,0.4610040793837833
2.3791052239410724,1,1,-0.5037387671979442
1.741126014812639,1,1,-1.0223984562160031
1.4231781865375233,0,1,-0.6117422290303104
1.3274218583108872,0,0,-0.6673935032144935
1.9021814462916942,0,0,-1.4932758290554702
-0.3790555168340469,0,0,-0.7806182139061965
1.895172912351217,1,1,-0.19340513485715297
0.07437759646279385,0,0,-0.22083330979939927
2.017406147314488,1,1,0.3295417398872918
5.630069798730554,1,1,1.2918757231235398
-1.3427073787466535,0,1,0.3336710316638669
2.326089142312621,1,1,1.4757869747420564
-0.0832969509689937,0,0,-0.6479259647203062
1.4357000418694708,0,1,1.3506684100003283
1.148759443248334,0,0,0.5934089078176071
3.4189570423493474,1,1,-1.191708885234032
2.4818782006572864,0,0,0.4021710124852243
-0.6603874903830208,0,0,-1.2376928405694774
3.698711797487929,1,1,0.9472306756917119
-0.957877082830559,0,0,-0.5397461450275833
3.7734654876608316,1,1,-0.23611018703661898
-0.2140554102416925,0,0,-0.679536488943232
1.01875487288982,0,0,-0.8521782923642968
2.856105991312183,1,1,1.7021397091967818
1.5127951435652345,0,0,0.9918045229027727
1.3301819578316603,0,0,0.675213077027448
1.9640413408413875,1,1,0.07361995900393714
3.747779612698317,1,1,0.7363338145518078
6.606764687426854,1,1,0.6617127769159509
1.8221175999343142,0,0,1.6035205983812866
3.0088004853907093,1,1,0.8500397782124396
0.38171866903858487,0,1,-0.20618900645751403
2.53205205698352,1,1,-0.21489294325989586
0.9347704557953114,0,0,-0.46807256433612726
-0.05362136188954025,0,1,-0.363738560815834
4.403295773975295,1,1,-0.23668393949552705
2.21382472825327,0,0,1.222880749598266
2.759232822805993,1,0,-2.3283596326980898
2.032734686854959,0,0,-0.7018458284103414
1.8442134735263076,1,1,-0.13288071936665666
1.4214484889967758,1,1,-1.2832584037532002
4.1380783651242865,1,1,1.6191006101055323
0.4031318211919515,0,0,-0.23394830101185804
2.9527015068274567,1,1,-1.1169181312135914
2.484432297874094,1,1,-0.8916137868106756
2.1421376660035127,0,1,0.8723951625134401
2.327433089800614,1,1,1.8690093405040888
3.640618083398206,1,1,-0.12426850381224111
-0.7920179824772593,0,0,0.10702880737631269
2.5074001060944284,1,1,-0.9485350600551035
2.128822229133665,0,0,1.316644710729183
0.5664718896066216,0,0,0.7226569263459693
3.336073168474786,1,1,-2.329253462857532
2.8955111687503896,1,1,-0.6452325458175262
-0.726817346894612,0,0,-0.23411749434152884
2.0078608447389876,0,0,-1.1081606733805256
1.1739794004554578,0,0,-0.2732241756021567
0.15711372077771246,0,0,-1.1334411542641945
3.904653685441593,1,1,0.3593079537305724
1.917606954330397,1,1,0.33564476386513686
1.4071628006723504,0,0,0.8109843531393803
3.4913605392924576,1,1,0.4164561359335706
0.875761003941613,1,1,1.5941140388538622
2.3968422754226113,1,1,-0.38613787728810084
1.2327288197831974,1,1,-2.15330336743643
1.3683568741878107,0,0,0.025659213079887007
4.438117777295168,1,1,0.6498488450254969
0.9470383171607478,0,0,-0.4012355995128031
0.8982717377478578,0,0,1.4008764776329117
1.4705958893056603,0,0,1.0947686786860686
2.2585184161329845,1,0,0.5374932989212156
2.026384622419178,1,1,0.06977475777461062
-1.7791568258142814,0,0,-0.5515006331937851
0.6505612077094993,0,0,-0.17694336778194275
1.8223839880341208,0,0,0.4691778476699249
1.7553439788494414,0,1,0.9677967882476898
1.8033611832094876,1,1,-0.29611465681433186
0.16742599336095915,0,0,-0.7282532584236359
3.3684951809867765,0,0,2.4756058618661014
3.998615551343362,1,1,0.5185571703497004
1.0876963796753705,0,0,-0.9036032053374526
3.144325405330049,1,1,0.9309790563432511
2.978141696025273,1,1,0.06168649789785305
0.2991465731555334,0,0,0.8267892485216333
1.0648184724496592,0,0,0.051796952560828884
3.3753608184416444,1,1,-0.058429051245209536
3.100117004231067,1,1,0.09061162071226052
1.4210406100362034,0,0,0.41278079705254833
-1.7096917122591646,0,0,-0.6100857315439305
2.9587753894918123,1,1,-0.6553632302731397
2.5803412182834724,1,1,-0.18477920613936066
1.8241295825370107,1,1,0.17130143163708939
2.5398759122668126,1,1,-0.3173764552693964
1.3484428334041572,0,0,0.3169845624579017
1.4936962768651258,1,1,-1.1017354126019978
0.3058449771752065,0,0,-1.4309584528673769
2.767171143407584,1,1,1.892010632508083
2.1172632595801577,1,1,0.3978771130603111
2.6156320326597413,0,0,-0.3970281333945787
3.6340765529139345,1,1,-0.2799578484903635
1.8132342900736411,1,1,0.7851185310435599
2.6571906853307086,1,1,-0.21032081422935636
3.2272137582503277,1,1,0.19211496387668328
0.5601707301854306,0,0,-0.2647256260984513
3.8445134128061182,1,1,-0.5013910579367586
5.55988646291005,1,1,0.6021898135202556
0.4917316732448752,0,1,0.14149455835014813
2.495639447000162,0,0,1.301812666970339
1.5555931662741462,0,0,-1.125396857674743
3.3384983729125413,1,1,-0.13530740604939487
1.3658545211916076,0,0,-0.208988948819788
3.688749290252722,1,1,-1.074862333913673
1.6198631086676718,0,0,0.9978587262582683
0.9680357962077459,1,1,-0.1073997490741437
0.7544695801680117,0,0,-1.3855579904314672
-0.5838360394863753,0,0,-0.5921406273942201
1.8351614729695627,1,1,-1.1053335606460948
3.2800259827941076,1,1,1.0390885126144176
2.1493401279743027,1,1,2.542904456862107
0.4795470513811305,0,0,-0.6737158191364112
3.8409919731064797,1,1,-0.09223000810179766
2.517060228633716,1,1,0.27973503429065794
2.867988281142505,1,1,2.708959419006808
-0.4664334997992821,0,1,-2.3290034636757384
2.169556828422612,1,1,-0.513955735696316
0.7094762433095739,0,1,-1.202794757227744
0.2646268925507149,0,0,-0.2276248062369144
0.16078704881293193,0,0,-0.2758992175860072
0.9927865574002417,0,0,-0.7298088060249305
4.412922916553268,1,1,1.834155717523546
2.27353767562521,0,0,0.25706533706497736
3.2621846820064064,0,1,2.393585374187961
2.7562349382572298,1,1,0.823616626218353
1.2729398270563441,0,0,-1.2653121502560367
-0.7014840781411795,0,0,-0.7534912150681837
1.2965626172255036,0,0,0.2730384191629524
0.7237885565509303,1,1,-0.5778989410850426
1.5818491679088005,0,0,0.35428968907761044
0.29285764720216,0,0,0.7325726419582185
3.1367463713331247,1,1,0.4211222766510706
1.2067266402325945,0,0,-0.13461283417085013
1.1783604741703773,1,1,-0.6435389338625757
1.2531448761605186,0,0,-1.2893206891641646
4.266934831728781,1,1,0.3408948985983139
3.7385291137103556,1,1,0.9223356740928972
-0.27501019591299125,0,0,-0.07966940974517839
-0.10786800846173472,0,0,0.7536176527244803
2.610238358576941,1,1,2.2275296835240006
3.5205881377266923,1,1,1.933821281957706
2.6458056791483284,1,1,-0.4949054767761351
1.6264796855508463,0,0,0.5467118413950659
3.444605672394893,1,1,-0.7022106377461339
0.82642483475661,0,1,0.68981342390161
4.071909897793565,1,1,-0.058363140076748636
0.7690257031626756,0,1,0.2775875780666461
-0.9302640952034527,0,0,-0.859014614409201
4.316178745721699,1,1,1.2053779158326423
3.514889397936665,1,1,-0.08417996647686943
0.894991186099336,0,0,-0.4459199579550632
1.4528884115835865,0,0,-0.07662137261518677
4.468302503890543,1,1,0.07639837999587511
1.488320779578294,0,0,1.636864011693845
3.454639417997835,1,1,-1.1107239883337499
1.678638280138457,0,0,2.458991203490981
3.998160317980579,1,1,-0.7733123864630118
0.9217241913341814,0,0,0.17464337496006488
-0.26187502576900823,0,0,-2.0581413647492526
1.293008135161032,0,0,-0.6544605303297218
3.9731712054599138,1,1,0.7317733641287331
2.6936814459072895,0,0,0.5052330585790198
1.675269028043934,0,0,0.4105722217525487
3.774443848199258,1,1,-0.46676530353268636
0.7622255685010216,0,0,-1.843572466057829
1.9836133716481592,1,1,-1.0728246270594168
2.1523741559280296,0,0,-0.2298287653240429
0.34259007676872,0,0,0.6216371749907005
2.44008751422437,0,0,0.8374454813896983
-0.046611020412866466,0,0,-0.30288804915390916
3.9031623680441405,1,1,-0.15155253441238897
2.806577987780592,1,0,-0.16285152252374116
3.0640180373511,1,0,0.0578455329557257
3.700011070272674,0,0,1.537144885586153
1.8764265933366737,1,1,-0.7267125280903919
3.9450692335617075,1,1,-0.204762719552353
2.3602059674193443,1,1,0.07872629244299599
2.3558013785821452,1,0,-1.3382658931850586
2.4161216633231657,1,1,-0.9210292352029479
5.041533234106976,1,1,0.200261948609106
4.485729192259569,1,1,0.42706912773909483
1.6454220057283344,0,0,1.1400902093803147
2.9014212501017997,1,1,-0.46570595643850715
1.8086651944006737,0,0,1.453900621234354
1.1894065532055016,1,1,-0.8645562173195352
-1.4822124217980304,0,0,-1.5962830795022642
-0.16015305102351104,0,0,-1.9460134455519935
1.3467471020320783,0,0,1.104050274940583
2.4259506488199847,1,1,0.3048721113054558
2.042471610854196,1,1,-0.13042188994852588
2.800532275272943,1,1,-0.29361338701189404
5.5769097281853695,1,1,1.5862554554067665
3.2495656821896146,1,1,1.2011455040592478
3.6254651544931726,1,1,-1.0037397111992499
0.05810239670885822,0,1,-1.3910169828162255
1.8521653524627757,0,0,1.0852958809298645
5.45418426997122,1,1,0.5606118060173424
3.0394511724038153,1,1,-0.5109809850897139
2.5498273648570264,1,1,0.39645196557109724
0.2818548259600009,1,1,-2.0232311039113617
0.1543410712312525,0,0,-0.6651414729334463
2.21537087418487,0,0,0.43500720552609723
2.4981380857102304,1,1,-0.07291163902396187
1.1744127229136772,0,1,-1.2818876441153353
1.267229410506997,0,0,1.01526613067697
2.17907834598749,1,1,1.163059339202018
-1.3661163699938859,0,0,-0.9400398384570009
-0.10296884458931432,0,1,-0.18546662912301864
1.3727223233287864,0,0,0.7306139394602488
2.935096734147196,1,1,0.8637248427186629
-0.05163754213259386,0,0,-0.5287476146348647
0.6503707072643684,0,1,-0.8785398395680992
0.07973325936273912,0,0,0.345075406845387
3.0105336701457746,1,1,-1.9160182180296734
1.9270866819131904,1,1,-0.9500775893483626
3.2126452135133183,1,1,0.7735871270574419
-0.755520495137154,0,0,-1.7037984055143032
0.9471694475056088,0,0,-1.2007771267826401
1.2543993171246244,0,0,-0.24078506361436677
0.4040268855265382,0,0,-0.30207350113721154
-1.8463703631413133,0,0,-1.754044757687282
3.414648078469641,1,0,0.5093788418909196
2.9150999154715014,1,1,-1.0214563370837635
1.4119265569686088,0,0,-0.15805893740321839
3.9511941228217267,1,1,-0.19657220700095457
2.528516937235242,1,1,0.6966287408311871
2.228627799443374,1,0,-0.06598145971361055
-0.3463246762760457,0,0,-0.13434798554826038
2.6849180971795907,0,1,1.654740844002216
0.7263663479654288,0,0,0.37189488202031357
2.5140274420085937,1,1,0.6235404626101028
1.1912950796029225,0,0,0.47489862683069717
3.0948415646275413,1,1,0.5716346266452416
3.0325323604519037,1,1,1.3357364670379939
2.9378928204201755,0,0,-0.057104160966593334
2.380913767093982,1,0,0.2428439464224319
5.126217113823111,1,1,1.96963413281427
1.3350113822640446,0,0,-0.5300383134294792
3.4618687479544423,0,0,1.291008979536237
0.806333181094862,0,1,-0.6070781960723213
1.8640979043485448,0,0,1.7101396753202305
2.0506879531093176,1,0,-0.6662473797606543
1.3910068613578233,1,1,-0.8143722767152555
3.21655826736487,1,1,1.0364026244495272
0.8893370054852916,0,0,0.9649315326129111
2.7598621271568944,1,1,0.5517108374600805
1.5094300473150004,0,0,0.2731885293402829
0.6737599019706831,0,0,0.24185980334189944
-1.3864076523756168,0,0,2.054760706046506
0.07473487420312647,0,0,-1.432534495218087
0.6950694603216144,0,0,-0.9863363170532691
0.2897582158384478,0,0,-1.2791401229060926
3.6813888955553624,1,0,0.9607554903763437
2.4268339612507495,1,1,-0.24564193533386736
3.88736795747398,1,1,-0.1300084558967963
1.552713673708838,0,0,1.7833068183391347
2.251743306001004,1,1,-0.5790264527845363
2.9361398161635854,0,0,2.0227946012432843
3.488066151138905,1,1,-1.409440813643634
3.240009981424136,1,1,1.3178356130484905
1.0349216205359002,0,1,0.32312100257482745
0.09553838498777212,0,0,-0.3886005199916252
1.043449272256187,0,0,-0.17283690338707378
5.412979407627816,1,1,1.3389746677789172
2.7281400378347254,0,0,1.7038058723768865
2.806406855725327,1,1,-1.6784678210513433
3.177170359185305,0,0,3.421094608357052
2.0773638809058994,0,0,2.577942654377772
-0.9286387988420366,0,0,-0.5253218346556198
3.716839482658386,1,1,-0.0643819052069338
0.8131115832947736,0,0,-0.6635473555366723
0.43471628474004875,0,0,-0.0930010885901879
2.6812113267188757,0,0,0.7398594382458353
3.8972949869424016,1,1,0.10336281493056218
2.305964010503654,0,0,0.19200699820433537
2.486831822760061,0,0,1.478807602696391
-0.8640667943679987,0,0,-2.20386847858085
0.4993240254597098,0,1,-0.4914430474018208
-0.8382369859200307,0,0,0.14441727126288922
0.4072415349282563,0,0,-0.7831006373176839
1.7525273363851597,1,1,1.0609662402870392
0.8894765605238052,0,0,-0.4455056421220266
2.9397643462901777,1,1,-0.42918015377276536
0.9762186588737763,0,0,1.189011800529852
1.3939005205371273,0,0,0.8342940730615042
