"Y","D","Z","X"
3.91112182494981,1,1,1.67751179128876
3.09138622455097,1,1,0.079474054662459
2.13803908677304,1,1,-0.856427496616939
0.624022861138205,1,1,-0.778777287144353
0.816581797482897,0,0,-0.38093608425708
1.37759976674196,0,0,-1.89735833972576
-0.498876343036789,0,0,-0.0717709116878157
1.11185882841638,1,1,-1.03086459149003
4.37414315709857,1,1,0.670695476490605
1.97362087658116,1,1,-0.361287754939292
1.37856993313721,0,0,-0.27930635616867
-0.579629511138166,0,0,-0.645890406995311
1.63836489074362,1,1,-0.515729092880925
1.84812439626545,0,0,-1.37455613286123
-0.679495283931532,0,0,1.01037782844654
-0.492260754077971,0,0,0.45370645645891
0.467410564037373,0,0,0.274880330444909
-0.288704719164657,0,0,-1.27179122480489
2.4275026538131,0,0,0.973595241918215
2.92061229596121,1,1,1.28078712369707
3.28046285069735,1,0,-0.0258765473419908
-1.02364595896058,0,0,-1.7359637799923
3.41128993702146,1,1,-0.945175883718
2.18419001869025,1,1,-0.461119638727372
4.83086037387985,1,1,0.559566137270165
0.0279503963828184,0,0,0.207371697786834
-0.894835739256363,0,1,0.400516269744986
7.26616094698144,1,1,-0.0514096698764048
6.06213530073681,1,0,0.824944695687562
1.48286903115841,0,0,-1.67806750352761
2.54860573750897,1,1,-0.923279416267376
-1.93320378857198,0,0,-0.657448334637346
3.38948489765635,0,0,1.65494179674235
2.61697370618448,1,1,-1.16392914747106
2.08718085872745,0,0,-0.879142734490512
3.4182133930618,0,0,0.224613030886869
2.24664631414013,1,1,1.42054996200525
5.94267596541109,1,1,0.500920689211465
2.50795451884918,1,1,0.284829601969807
-1.67113964543523,0,0,-0.720574830593773
2.55833365131261,1,1,0.896460941962013
-0.732131705013108,0,0,-1.43246766728612
3.46206824074893,1,1,0.38599263402402
3.31504631291797,1,1,-1.11065415047959
1.25342895439766,0,0,-0.0755034378284325
1.39461541567681,0,0,-1.38722221913342
0.335728210465104,0,0,0.27471365422758
2.12417931791797,0,0,0.546311962688847
1.12918514559704,0,0,-0.539094610070408
3.03343070652636,1,1,-1.84149919464278
5.13833143933922,1,1,-0.790288951009079
1.28076707546898,1,1,-1.09406812598926
2.13013756728364,0,0,0.463697367089516
0.136646313923047,0,0,0.0167654783920317
5.01662791173354,1,1,0.713715588458096
-0.213099670440176,0,0,0.372720397330718
4.77470307449344,1,1,-0.631418735286571
3.12895318305994,0,0,-0.345194724933052
1.79353818468325,0,0,-0.23367311284317
-0.891538946746679,0,0,-2.4027098316998
0.544378566030694,1,1,-0.841015659364336
-2.36686553821174,0,0,-0.525577561742616
4.26819597740386,1,1,0.964676071530322
-0.31099421805788,0,1,1.16868779777066
2.83188383611087,1,1,0.0375256354082827
1.32524637676957,0,0,-1.05945038373576
5.68627055248396,1,1,-0.203198858763934
-1.8731281696473,0,0,-0.260522502158531
-0.698372643540327,0,1,-1.50359284139183
1.91718195412862,1,1,-1.19154648174911
3.70819614957141,1,1,2.45707416564799
2.75677157403513,1,1,-1.42140516618769
0.0662751687954527,0,0,-1.17067119024427
1.10532859658098,0,0,0.612728840110975
0.703087377201288,0,0,0.504072912631472
2.08659189341182,1,1,-0.03360402649243
2.5298421909589,1,1,1.06778841116665
1.062673192234,1,1,-1.08436433575367
-0.663993300417715,0,1,0.565755522275279
-1.61894000556139,0,0,-0.276090810137596
0.102891158673867,1,1,-0.825708875887398
3.85235923218617,1,1,0.490220536519514
4.57856931666403,0,0,-0.926531861094747
4.2464571594767,0,0,1.60254989142619
-1.80967668582752,0,0,-0.860891020026199
1.94223748980253,0,0,-0.365513266132811
2.71817181853028,1,1,-0.0063319207701284
-1.24247403260023,0,1,-2.38053077692356
4.47104303385069,1,1,1.52081963387357
-1.22639361841089,0,0,-0.619902119718326
3.03539000899127,1,1,-0.484028904135812
3.40902524889728,1,1,-0.926160966588346
-0.790256812960674,0,0,-0.2859256147179
5.06423786335628,1,1,1.58779536109287
1.83435437446317,1,1,0.659089022784725
3.44338775705223,1,1,1.20629787922748
4.86776939749949,1,1,-0.0248296420195276
-1.2018220730475,0,1,-0.904587351885265
6.10152710790583,1,0,-0.446869813890387
3.63104518063603,0,0,0.125085620440897
1.51954780903029,0,0,1.1480913566555
-1.65121543002469,0,1,0.455013729328529
5.15116185531067,1,1,2.02194638426709
5.05048298027904,1,1,-0.6952703709813
3.77198466128092,1,1,1.60396534062607
8.40519057100086,1,1,1.35170733572983
5.01366874183463,1,1,0.439514597571448
4.93372315770182,1,1,1.57162170153059
-3.03743003053289,0,0,-1.74125323682522
-1.72658815623837,0,0,-1.48401480103155
4.97972162457873,1,1,-0.555232551612178
-0.538760904181773,0,0,-1.35860493078214
1.35380893592743,1,1,-0.0826571244573201
0.659110576441241,0,0,-0.358236118952675
2.83749731679833,1,1,-1.2891182571127
1.87444385953751,1,1,0.966683187814076
1.19949727679668,1,1,-0.420455899805466
4.18247887370335,1,1,0.778214744704721
-0.342684452475421,0,0,0.577272970940539
2.80603245276944,0,0,-0.396721690855446
0.794774043195309,1,1,-1.55747040157249
1.9921470619371,1,1,-0.548407913677815
1.822082493903,0,0,0.217260182352515
3.72654812308757,1,1,0.913234969506863
-1.91250717451815,0,1,1.5522148463537
1.90874777614189,1,1,1.26813065319604
3.36027402270878,1,1,0.760401524537182
5.59078248957767,1,0,0.659180420191723
-0.272680346348481,0,0,0.653989652414126
3.79099824516635,1,1,1.55597631479714
4.33198244396143,0,0,0.416610866848198
2.12849501435826,1,1,0.0280533938348574
0.411746314430976,1,1,-2.36600857272134
-2.97867768811051,0,1,0.546044490687229
-2.87478136979167,0,1,-0.0870771441310827
2.05410489859256,1,1,0.368892122491793
2.29496897078468,1,1,-1.44043937936632
1.06503714364764,0,0,0.948342218434107
4.9531827611277,1,0,-1.62246893619965
0.846742744897901,1,1,-1.42204093912368
3.2104337849252,1,1,-2.19955961986666
-2.03976546770841,0,1,0.102242549734569
-0.510548991696747,0,0,-1.70094425207912
5.07115052113682,1,1,1.66756805497658
1.72979429492741,0,0,0.65132781853536
3.81305399016861,1,1,1.53324704446761
2.07986130261209,1,1,-0.00710408522648729
-3.98992302967576,0,0,0.064437051241413
3.89709311401067,1,1,1.42522041865573
1.70932429947002,0,0,1.0959766553495
3.13484269254878,1,1,-0.123835517987326
2.21475150374466,1,1,-0.602283794919944
0.273241051266898,1,1,-1.09613954622899
2.61779790408958,0,0,-0.311297069880495
-0.543175464156552,0,0,0.175138895811023
-0.214116077402242,1,1,0.530809920043939
4.1609643676713,1,1,0.906410806343135
6.17339538581268,1,0,0.046753128925649
0.628349806095218,1,1,0.18479492819343
3.40815973302884,1,1,-0.505011833228914
1.23092195533985,1,1,1.09073222039182
1.60290250638758,1,1,-0.185498225278187
4.13880731449225,1,1,-0.471421528771275
2.33259639815648,1,1,0.633121870151052
1.56032530957285,0,0,-0.272124450423728
-0.816672365652255,0,0,0.792838797593903
3.85308974671296,1,1,1.05168020506894
-2.39056696261544,0,0,0.467590992515474
6.86412843083883,1,1,1.57775777615221
-2.1822951344277,0,0,1.19257919933482
-0.155776880505168,0,1,0.687808690022051
0.78988862571947,0,0,-0.540565676573646
3.2607886163299,1,1,0.692902562053593
-1.45589769712637,0,0,-2.19404045068874
-0.0542827565410422,0,0,-0.954047150509827
6.25206744698095,1,1,-0.140183676637332
3.31296168773837,1,1,0.367150280498896
0.67881627943602,1,1,0.0558580625514391
3.9409794803828,1,1,1.85388686032127
-3.33049950699928,0,1,1.2334889773664
3.27679229737058,1,0,-1.53345782563624
1.85540923194355,0,0,0.0704556078430764
3.06270900923174,0,0,0.624654174666826
0.10188119632968,0,0,-0.223982210338797
3.27055487669189,1,1,0.351170646069845
3.98312232714604,1,1,0.122204457677413
2.10251634785507,0,0,-1.80355741947249
2.84806356593635,1,1,1.00149540104933
5.37767584338981,1,0,1.1992198328312
0.843204178949944,0,0,-1.42600469004381
-2.13828906434202,0,1,-1.15418497366989
5.32353728021469,1,1,0.195879382958877
0.958916951018536,0,0,0.489033101349929
1.29907329304319,0,0,-0.0301505554990925
4.58432921901223,1,1,0.16218068298852
-3.68544373339712,0,0,0.106499487995292
3.56542467257532,0,0,-1.17696686687013
2.72673070876916,1,1,0.934429427085438
2.29388213073714,0,0,0.421974630276405
4.08232223566029,1,0,-0.503018994751964
3.61363270391661,1,1,-0.267881707867739
3.45311230571346,1,1,0.937288013068246
-0.437136913910851,0,0,0.03402357854294
5.10012748799263,1,1,0.243158863777442
4.45947982015087,1,1,1.14368852438981
5.35464574808566,1,1,0.827405931838682
-0.410265149633336,0,0,0.348058187541831
2.56127175366449,0,0,-0.381202844028649
3.77076191013877,1,1,1.36128143680364
3.34469959418527,1,1,-0.885541754975946
-0.366971275119458,0,0,0.388984013950165
5.50002090355568,1,1,0.411905090024538
0.486704195859513,0,0,0.709913471286387
0.303759465624979,0,0,-1.31529380575551
5.60426588525649,1,1,-1.53693355890862
1.88567402593475,0,0,-0.646002558777445
2.53167359787558,0,0,-0.96864298750643
2.71256456848828,1,1,-1.04569476582391
5.88770027168496,1,1,-0.132058867317196
-0.31301720230959,0,0,0.138724708909393
1.6146229149188,0,0,-1.60980434526883
1.7569582503065,0,0,0.972991445547876
-0.077199455498242,0,0,1.04888304215775
2.82007806831637,1,1,-0.115849420987912
3.38990369230603,1,1,0.910867637557604
2.49859612250069,1,1,2.06183133700557
2.52242852304007,1,1,0.776568452786236
1.52913430923788,0,0,-0.186582022727193
0.560796216431601,0,0,-0.50989851527311
-0.863123329158277,0,1,0.714076821371947
1.7081604156958,0,0,-1.03526304053903
2.71262741879616,1,1,1.89484901774885
-3.08866380565655,0,0,0.056793059358744
-3.61927669041187,0,1,-1.70072594342836
3.33047488828877,1,1,-0.0648369010779013
4.72183714824604,1,1,0.893158726883443
1.9465270425638,1,1,-0.23768450540283
2.17755114694436,1,1,-0.88378036018178
2.06277200761916,0,0,-0.268114313447309
0.0942411011370121,0,0,-1.42515927310942
-0.673167880625686,0,1,0.282729470241562
1.22779595092301,1,1,-0.158979583631623
5.01565018938618,1,1,-0.141043577462177
3.24227316840666,1,1,0.386238645647727
1.47374979692543,1,1,-0.473854785026103
1.1972706075566,1,1,1.18190209494895
0.811165993453597,1,1,-0.84638259447329
0.527878055390859,1,1,-0.23109629250776
-0.884097622444195,0,0,-1.54197485904382
3.0566451825838,1,1,-0.125906424899325
3.89365038824989,1,0,0.8915386353876
0.914379636002756,1,1,0.708696980773864
-0.34944450816403,0,0,1.36548479826691
0.600637556935376,0,0,0.146941158074239
2.62996206409262,1,1,0.0343765615882022
3.32309860500868,1,1,1.35090452621638
0.341811691003628,0,0,-0.364784429284285
-0.853315742844443,0,0,-0.820965911777432
2.12800228329616,0,0,-0.447457109757897
3.54823498937959,0,0,1.11965664048999
2.4139430645601,1,1,0.209283042206034
1.81123315484743,1,1,0.583689377018137
6.1641434355465,1,1,-0.686082182049888
1.65729921947447,1,1,-1.01849041259213
4.05023905935971,1,1,-1.13475338265242
4.32901731580077,1,0,-0.458250470323518
-0.304371491287801,0,0,0.867376229903351
0.90273621520119,1,1,0.707050006321798
3.63284724025826,1,1,0.22016399489922
-0.0943809489001806,0,1,0.317229802016674
-2.04540094133439,0,0,-2.30866929119094
0.749836367277902,0,0,-0.764126858487634
4.73386522683869,1,0,-0.257215351771573
2.57887681780415,1,1,1.17174699718393
1.69989256034499,1,1,-0.645359265523009
-0.110371921789977,0,0,-1.79056185566653
4.57616910204424,1,1,-1.07978552468131
0.602307862260945,0,0,0.714448807495777
1.15423793455331,0,0,-1.81294473383259
-0.694742900410355,1,1,1.04816889489924
1.94072291999095,0,0,0.20271586719381
-2.72617552454242,0,1,0.281211359011229
5.8608371326126,1,0,1.03205800807302
2.67925120907114,0,0,2.29387855362419
2.22639995183091,0,0,-0.0592560273875868
2.70908376614243,0,0,0.41140135589033
-1.7173538495553,0,0,-1.27924167964432
0.986037859100627,1,1,-0.426501851333175
4.45814044530156,1,1,0.849957445130861
-2.18024461599083,0,1,-1.80301321221126
-0.743203880165983,1,1,-0.96955396616367
4.722865410492,1,1,1.65067878778122
2.72506503785053,0,0,0.665956923522699
-1.04905438961475,0,0,0.361114644091802
5.85657751439079,1,1,-0.487798793961118
7.18158354267244,1,0,1.42838225761376
0.622298370164814,1,1,-0.904252644070332
-1.76415266334948,0,0,-2.09369369551605
-1.34486112885281,0,1,0.921678980747322
-2.79818734514513,0,0,-1.84902280672721
-0.0882201303258053,0,0,-1.65989369148494
3.17524770741869,1,1,-0.276360236475334
4.27227590221447,1,1,-0.828433721841923
2.91978684606946,1,1,-0.686070901928494
0.764701050383138,1,1,-0.271607769493159
1.85898134719516,1,1,1.24381055686463
2.20135942074615,0,0,-0.17202142205891
0.744737537299539,0,0,-2.5464745985204
4.03530496621252,0,0,1.64062749976048
1.4515480838007,0,0,0.97023676068447
5.3838806024136,1,0,0.0203074667109345
-1.8592024107062,0,0,-2.6513977459491
5.02053943647842,1,1,1.11781171220216
0.798701218367972,0,0,-0.819083406430258
4.97315626956393,0,0,1.70455001713339
1.64536077075822,1,1,0.849855831494626
3.14195837198247,1,1,0.543337062872608
-0.566040631516773,1,1,0.0560354533851741
1.42381795329451,0,0,1.58404961323105
4.62321875633768,1,1,-1.4386345459615
1.63396127945221,0,0,-0.639718612528588
1.02415138158027,1,1,0.0867654667091841
2.88580343357527,1,1,0.466811178990879
2.45668969329381,0,0,0.41725282377052
-0.610422347122297,0,0,0.607894752103972
2.66153876006809,1,1,0.28020989415716
-0.291322448038788,0,0,-1.17626757068756
0.58804477399686,0,0,-1.29423356811136
1.49538639657855,0,0,-0.3187407058278
4.00100888427362,0,0,0.845857571154179
-2.06419205482759,0,0,0.0590417004348367
3.40708677113678,1,1,0.280053128944515
3.31176947597819,1,1,-0.836591212267774
2.04695912027367,1,1,0.653533163617214
2.48854048606898,0,0,-0.902540961623437
-0.860038837614898,0,0,-2.03255201454578
2.3816160579586,1,1,1.34289652536155
1.8101127462541,1,1,-0.099604705500574
-1.53183746785788,0,0,-1.3205457822542
3.1850316949166,1,1,0.490032052603938
6.57157996961568,1,1,-0.13701034864936
1.87702972921438,1,1,-0.0543016244860369
4.8747762348421,1,1,-0.644715679765774
2.65497098390469,1,1,0.020391609699548
4.67214135885436,1,1,-0.270451018172699
-2.65363979759825,0,1,-0.472232429739442
2.16537877935259,1,1,-2.13767534930398
5.83066361544113,1,1,0.097327073472671
-2.39610233417476,0,0,-0.379328576092151
6.82508877792799,1,1,0.434192902913088
4.22328128522379,1,1,-0.115664294636564
2.41355419219669,1,1,-1.29897046835665
2.52114286098585,1,1,-1.44740649315577
4.58503140466584,1,1,0.117876700713241
2.76318223285693,1,1,-0.713256538016366
2.06781426219848,1,1,-1.51039577650116
1.53838003426495,1,1,-0.29150438861163
0.880467340875235,1,1,-0.890669214597854
0.415580061203415,0,0,-0.685476756136747
4.98151124304428,1,1,-0.0639322894309572
1.4833320258004,0,0,-0.269658040436885
-3.51607496082606,0,0,-3.33467536354003
-1.19966290106242,0,0,1.05127376242621
-0.0107559896332791,0,0,1.29101956711379
4.76650874082882,0,0,1.23824906704604
1.60086949959612,1,1,-1.90165631418952
0.992676952896034,1,1,-0.442676356914958
0.372237791083958,0,0,1.23726468585424
1.73020185145575,1,1,-0.034628603802704
2.14241922907294,1,1,0.870557707524331
1.49564572646198,1,1,-1.3583535270645
2.71924904788577,1,1,0.215011232119934
3.23764237975262,1,1,0.449079188725812
4.68157548398881,1,1,1.20446178465285
8.72222708873817,1,1,1.16217674209784
-0.397416173123055,0,0,0.190854336942394
-0.64338987499113,0,0,-0.559199402522627
2.82954145089648,1,1,-1.18450209696378
-1.01885110439898,0,0,-0.112966312972576
2.19618826412916,0,0,1.02924678361204
5.90899394808131,1,1,-0.687589335177104
3.03601169974513,1,1,-0.349450308644348
2.397843893189,0,0,-0.147656106009557
2.29900317225631,1,1,0.427033657330538
2.21278512436338,1,1,-1.48696990946078
4.35077090876087,1,1,0.558629046995213
3.7016441987181,1,1,-0.235439675631081
-0.567690884513328,0,0,0.215797961536886
5.34689225835776,1,1,-0.0717434140692806
0.897833580275282,0,0,-1.6511812686051
1.92680464168756,1,1,-0.733304145196212
2.55050651174002,1,1,-0.00188628855712399
5.83028643069519,1,1,0.700392753856694
-2.50996188593718,0,0,0.785836536099724
-0.827248503460445,0,0,-1.02470968889282
-0.547402723273494,0,0,-0.37409459060045
0.0899598016885873,0,0,-0.743648960606196
2.60150932530638,0,0,-0.674708287362035
1.05466363192661,1,1,-0.6763354211275
0.194735102990892,0,0,-0.973637503027373
0.901440806548173,0,0,-0.76455739416731
6.22585789214248,1,0,0.97919595107325
3.17989076554626,0,0,1.17383261804459
0.680363094957969,0,0,1.3746664154182
4.10858832733756,1,1,1.2027383496724
0.226397182216454,0,0,0.0269493670172347
4.18279996257023,1,1,0.711260302486253
2.93306443250404,0,0,-0.0914523764692442
6.46133508333231,1,1,-0.116861627901896
2.13543508717397,0,0,-1.12578893420124
6.85691556263529,1,1,1.13987143510928
1.84561264284637,1,1,-0.459491237689712
6.07954594776529,1,0,-0.920665190845484
-1.32205605860545,0,0,-0.30393077907685
1.16325224952555,1,1,0.267685253178417
3.25315944112955,1,1,-1.2569610031532
1.96410845780427,1,1,1.5529932885864
3.59353221371605,0,0,3.28902221110227
2.08481879665783,0,0,1.4306875730458
-0.700060416896258,0,0,1.40293328467139
3.06030090230073,1,1,0.020715065638683
1.48282838330117,0,0,1.22208988460687
0.576747466031965,0,0,-0.577103633365481
1.71604149185143,0,0,0.825420145543567
-1.0967478548788,0,0,0.382837248481534
3.14818205477428,1,1,-1.21166257971452
4.45681645725188,1,1,1.11629650843708
0.712172649608129,0,0,-0.818011975318963
0.643277557080025,0,0,-0.444864848082868
-1.548220343473,0,1,0.844661289767558
4.73693977085214,1,1,0.951259179137202
1.04116559457754,0,0,-0.862401297076409
0.325458212640568,1,1,0.612258116618644
-1.62298580477841,0,0,-0.105020523015209
0.634584971315213,0,0,-0.753762263573015
3.01627793574369,1,1,-2.77149280105207
0.0543782147555343,0,0,-0.0986434264177824
2.55156352627376,1,1,-0.862521183734214
3.57108067647449,1,1,0.0119144198361718
3.54818493524622,0,0,0.227902421584534
-2.42947216141719,0,1,0.754868073472595
2.34507518197095,1,1,0.210220921404522
4.09730932613556,0,0,-0.653579835301076
-0.258521480029389,0,1,0.25185089927799
-0.183408397647475,0,0,-0.415650357964597
3.14384765169589,1,1,-0.192023638930723
0.748724644595374,0,0,0.132729411093459
1.29682976342169,0,0,0.244478759598709
3.311307824398,1,1,1.30487964912332
2.82966629877431,1,1,-0.940724065538843
2.98355506466965,1,1,1.33690041874009
3.28297823625542,0,0,1.83593170616585
1.16964089104533,0,0,-0.703934769978512
4.12849670333375,1,1,-0.489700073207826
0.967071145255229,1,1,-0.862239418738147
2.56560820015322,1,1,0.678578786886658
0.543736841810721,1,1,-1.36870654517632
3.15292255812192,0,0,1.10793126486612
2.63593769527819,1,1,-0.751664609851581
-2.14327389414792,0,0,-0.860862570436002
0.711684824877371,1,1,0.550004482125283
0.428517554888652,1,1,-0.49739803131194
1.90543174296161,0,0,0.290913908826882
7.19716874457204,1,1,1.74264295355076
0.658379353472387,1,1,0.171098040885632
4.56711213437223,0,0,1.66623092387058
3.58262272232016,1,1,0.280513906436464
2.6577287340565,0,0,1.33259510479393
1.59318625928811,1,1,0.808199641246076
-1.01089059686571,0,0,0.394439997987379
-1.22313352701439,0,0,-1.19649879784075
-1.44456151778336,0,0,-1.0292934931276
5.06409768112634,1,1,-2.96997898422175
5.13946328214505,1,1,0.148736080673728
-0.327407735048289,0,0,-0.289151645795387
-2.24132349395382,0,0,0.417479874819017
1.43278838536807,1,1,-0.0779511093124028
-3.43548732203658,0,1,0.679945791706844
6.31244116185816,1,1,0.15098857826032
0.673842639672137,0,0,-0.838140625939559
0.977749071722712,0,0,1.83286889219051
1.06230823707236,0,0,-1.20977207624095
5.18066522663824,1,0,0.377401902245773
2.75436781090916,1,1,-1.07929478029014
0.0621246943048908,0,0,0.0131917858307359
2.1379723394171,1,1,-0.0962640211149256
2.94700196588438,0,0,-0.500069378562987
5.96492915386132,1,1,1.12009717844574
1.5825939529617,0,0,-0.723007719260849
0.428662724361929,1,1,0.00959022762093077
3.35813747037567,1,1,-0.628588184977706
4.69262373022646,1,1,-0.504443449644126
5.29239554094864,1,1,-0.0859780511556318
2.57802762024187,1,1,-0.203284545542161
0.362992794836471,0,0,3.04968620858383
2.61830563392285,0,0,-0.986570999217687
2.66370222133785,1,1,1.17333057390589
3.8488256457781,1,1,0.319239739006528
5.26573927766546,1,1,-0.52732979962264
-0.442616675827033,1,1,0.28386198149986
-0.194254856832597,0,0,-0.174622555835959
2.1754985283366,1,1,-0.670616658083589
2.33512088241545,1,1,0.50742575021907
7.82413853381546,1,1,1.24743430271033
4.72805235376889,1,1,-1.24827554221187
0.513475433972758,1,1,-1.934718658188
-1.92755890828661,0,0,-0.763862515785294
4.11530868093426,1,1,1.42708874091173
2.00646038419128,0,0,-0.263336917809388
2.40249343252331,1,1,0.586125356437918
3.96406922369737,1,1,1.02132214090712
2.0417245106104,0,0,1.74773162170613
-0.789271978411365,0,0,1.02140376593611
3.92192269632014,1,1,0.0665360131509387
3.68785787050449,1,0,-0.309739573142118
1.54440298231385,1,1,-2.13237583442794
0.301137441123076,0,0,-0.322380915167478
-0.19352056169309,0,0,0.505349791218643
5.480459223853,1,0,-1.02755740587754
1.85713040611376,1,1,1.16087863995159
3.20956033782584,1,1,0.678678000535035
2.31630534584381,0,0,-0.574900472450725
0.913352967339524,1,1,0.0448941847444126
1.2327887495486,1,1,0.329923093593966
4.94936632206184,1,0,-0.316728567602013
3.5782077598337,0,0,0.551509487774879
1.67193853421861,0,0,-0.540184809904946
4.75712659507787,1,1,0.128417652074905
1.73318385591346,1,1,1.77590486159275
0.698590731480648,1,1,-0.871930154717011
-0.218217306724051,0,0,-0.745125239678063
2.2864103140367,0,0,1.15617780283421
2.67175318005245,1,1,0.124097652582163
4.77209121351929,1,1,0.901342900824523
2.6997884692422,1,1,0.0730580356818035
1.45695800739247,1,1,-0.47675236506762
0.227607732027592,0,0,0.876341415916475
2.39210261401838,1,1,-0.10098603579442
2.41567224215857,0,0,-1.92078429381668
0.78886022313673,0,0,1.40296898949641
-1.48013505885556,0,0,-2.06679567230227
0.513964745811013,0,0,-0.328137917005939
0.176525514655386,0,0,-1.54888381544066
6.47491066197334,1,1,0.236518356094544
1.70538598664251,1,1,-0.176512557406408
2.03471946723824,1,1,0.888191791487953
-0.0521486079363113,0,0,-2.15605172171831
4.17490337053223,1,1,0.674902938795879
2.65076781376499,1,1,1.26647457336318
1.47171647296671,1,1,0.359137850595693
6.78964340634819,1,1,1.04003821930987
3.35052541115393,0,0,0.567361013512891
3.37739536860415,1,1,-0.734184199619729
3.67780893702466,1,1,-1.44193225504807
0.798774191599099,0,0,-1.08636360380745
1.49914861149733,0,0,-1.00530536019033
0.120053970356817,0,0,-0.429018599878844
0.720578383497951,0,0,0.0180384236735153
2.91650818061034,1,1,-0.6674291868758
3.34942863768196,0,0,0.968218245087138
1.23885021816691,0,0,1.3910529261483
0.462533895554235,0,0,-0.194148446293093
3.54238292963216,1,1,-0.489157720389873
0.0163085331886981,1,1,-0.524053526905322
1.601299439143,0,0,-0.535994038481839
2.2630545736276,0,0,-1.13589545603572
5.47492574434856,1,1,-1.11788811558436
3.10162398436276,1,1,-1.24831579704395
3.66530960114744,1,1,-0.914279306481067
0.318705937585306,0,0,0.73318039839875
3.92033093481913,1,1,1.7687343427316
4.02945915612625,1,1,0.0193971383191557
0.0932243703851421,0,1,-0.0211268075651293
2.13082881098062,0,0,-0.20600365937507
-1.30119239146573,0,0,-1.02953158364251
-0.559016886571033,0,0,-1.69915914412314
0.901470557119808,1,1,-0.672123269347973
2.28269129708818,0,0,1.82496444233573
1.54931911702936,1,1,-1.52664862429302
4.02809664572787,1,1,0.611491602641799
-3.14440026262129,0,0,-0.271248845751939
2.76982446780781,1,1,-1.33408868686067
0.651433603859768,0,0,2.34545382222571
2.8600836324576,0,0,1.23433700190233
1.81535606039125,0,0,1.52505789994092
3.22134619588822,1,1,0.581108801673337
-0.531725686910297,1,1,-2.3611002154132
2.99213911758462,1,1,-0.0768439554879483
1.87904034608283,0,0,1.38042639190707
0.229192580311037,0,0,0.00143238606411348
-0.524478356316355,1,1,-0.390438590067818
-0.0718647976970827,0,0,0.43182371980981
0.514392336724926,0,0,0.629972931337979
3.44050638415624,1,1,-1.59038903758595
-2.34395811793024,0,0,0.587847118879337
3.87563329137131,1,1,0.295865661430514
0.878259597316591,0,0,-0.820627980909388
2.01383769087286,1,1,0.349401053457032
1.12259330196698,1,1,-1.37775333231426
1.5126720553439,1,1,-0.863762461853148
3.34998440050881,1,1,0.747993014653646
1.84853497871804,0,0,1.30712856942213
5.94563390834958,1,1,-0.587829568811341
5.11647501312753,1,1,-1.13357907426432
2.883198301921,0,0,-0.781604567007212
4.20412987298393,1,1,1.08319834872711
5.58923698290215,1,1,0.459888811386083
2.82026961478453,1,1,-0.489862326150678
6.87904527895059,1,0,0.0755061779097776
2.44236101288027,0,0,1.92221888075885
2.79519879218217,1,1,0.127680156266799
-0.82696802794291,0,0,1.1239222147777
4.67914826992786,1,1,1.22665880827998
-3.19905662431384,0,0,1.03137734736776
3.98456275385253,1,1,0.0679363453343429
-0.0893856806367557,0,0,-0.996959949480874
3.96641877247424,1,0,-1.16787104078363
3.10987069283509,1,1,-0.603100131245345
1.36042393749775,1,1,0.728380227622869
4.17263401025188,1,0,-0.616519167875096
0.489414172822414,0,0,-0.262408915622796
0.504204302481724,1,1,-1.26620171987025
0.407937445010413,0,0,-0.902752301845523
2.2227186600608,0,0,0.146091490554162
4.07768647041891,1,1,1.3384243600138
4.70894304416978,1,1,0.666873430916567
-0.750226918606083,1,1,-0.634380589970193
5.38783962659872,1,1,1.20876062324752
-2.11036630329994,0,1,0.932657017483215
-0.489765646364924,0,0,0.66503821425484
-0.221253290945413,0,0,-0.182851517926676
0.25002215382036,0,0,-0.591407276699408
7.23191261099331,1,0,-0.806172572172698
4.51362467005989,1,0,-0.209876754211656
6.34705117370109,1,0,-0.352546825865419
-0.497995951812858,0,0,0.111815197740918
1.71098869587877,1,1,-0.114083655413961
4.78008212264339,1,0,0.101224305408025
2.69124934129688,0,0,0.207849090695812
0.83366291400294,0,0,0.22020874488722
2.34225899709186,1,1,-1.03177785437623
2.02002578802778,1,1,-0.330932977403775
-2.36766217774995,0,1,-0.317692063777416
-0.574632985832256,0,0,0.388304253641281
2.14897934279064,1,1,-0.775576431514719
4.22333945330795,1,1,-0.173296371917444
1.59689292746629,1,1,2.7001565337162
0.859363585501139,1,1,1.85166071392364
1.23116761758037,0,0,0.799017307379534
2.47051456676625,1,1,-0.00893789168791081
1.52307624070197,1,1,-0.113555656919719
-2.832395249439,0,0,-1.7798205611845
4.99957000474571,1,1,-0.15840248480399
3.14054690693622,1,1,1.11276793300697
5.74146315594897,1,1,1.91848838759728
2.09701370597669,1,1,-1.613377494931
6.24404445463626,1,0,0.371769306972534
2.60547729130997,0,0,-0.9234435848134
4.70339591768038,1,1,-2.30410442939092
0.584641049265827,0,0,-0.27664145044679
-2.24983949143114,0,1,-0.537287976139533
2.12421143587643,0,0,-0.0675169458087641
0.238019898374028,1,1,-1.6523774213228
6.74178915324171,1,1,1.39309821661968
4.44918536429114,1,1,-0.338886040826288
-2.12640013583103,0,0,-0.0753261542940653
1.1135648900814,1,1,-0.702812147441463
0.602782856847763,0,0,1.34114089755902
2.81237185705882,1,1,-0.237151800021401
-4.39313899521427,0,1,0.317923161222627
0.667849510541943,1,1,-0.422384644245946
-1.72711612787372,0,0,-1.26594751392116
2.83742135573413,0,0,-0.0848667240294297
3.20374088505943,1,1,0.497415040528646
5.37979997231846,1,1,1.67471876953804
2.03690339481989,0,0,0.8786207114562
4.7707612995319,1,1,-0.265201785109153
0.0442609429990974,0,0,-0.368942366325874
3.93681449806115,1,1,0.0474165806822011
2.82095826578555,0,0,-0.918326904683796
2.90333306139504,1,1,-0.748233029251953
2.00104059770699,0,0,1.56687324661417
-0.47385079378592,0,0,-0.676873287061875
-1.0969554208796,0,1,-1.64039631966703
0.940952918483263,1,1,-0.543869979042951
2.50522609950297,1,1,0.800526280833942
3.11388499136861,1,1,-0.694628676283931
1.47989108728751,1,1,-1.21827015500706
2.95087189558506,0,0,-0.472641433978687
4.19488349670515,1,1,1.21753734771838
2.0612671573485,0,0,1.225465622072
1.88868491469357,1,1,-0.532487614652709
1.144602176248,0,0,-1.60106275812488
-1.70196575346798,0,0,-2.81050337306495
3.72964265423633,1,1,0.123511378467974
3.50689103419558,1,1,-0.156014160019648
1.3786200709255,0,0,0.520191673796121
2.9771039105769,1,1,-0.895101962004635
2.18662518603119,1,1,1.34434630576748
-2.54599509432549,0,0,-0.345904386996657
-2.27539239841352,0,1,-0.0294836190264545
1.83125439692414,0,0,1.30841030134337
1.82890809308051,0,0,1.97790329440036
-0.592141694931331,0,0,-2.31286660100226
2.73128372997038,0,0,0.12994803764241
4.32874589656579,1,1,-2.50608663050923
-0.394453881797587,0,0,-0.671374718053876
7.01307313784718,1,1,-0.244750179659405
-3.25368194387436,0,1,-0.816734827458565
7.25467677123797,1,0,0.491471631190049
1.66412864253041,0,0,-0.112294397550244
4.87189890276083,1,1,0.226429332166581
2.49238748309635,1,1,-0.59350335806727
2.97408398278942,0,0,0.0417069667874413
3.59625166533178,1,1,-0.994080566476418
0.303877777279763,0,0,-1.22346015733335
5.05761670680347,1,1,1.36473595600702
4.15637772656822,1,1,-0.53470020971453
0.643628486592479,0,0,0.567579457623272
-0.470852028849027,0,0,1.7349226354558
-1.3219249747883,0,0,-0.956901203204413
-0.523940290330096,0,0,0.536674763738936
3.03998494747344,0,0,0.725042624185564
2.35213286286209,0,0,0.0611383686094142
2.78897062191279,1,1,0.00446255689178776
0.126666331424945,0,0,0.488527825024903
3.12283238724787,0,0,0.567560766788254
2.33716616040333,0,0,-0.0691017860751925
-1.85519711421242,0,1,-0.0628337353307094
-0.397730960914753,0,1,0.695446456420932
3.79376938105613,1,1,-1.66800973564516
3.56406911374903,1,1,0.809997113078534
2.51767806423255,1,1,0.385430689674264
4.3676868033735,1,1,-0.691960211958121
4.56572862091315,1,1,-0.443428572427364
4.03695503320706,1,1,1.3851379866227
3.346129755383,1,1,0.822843884523137
0.985029435982313,0,0,0.593420078233661
0.316295934403944,0,0,-0.421320112079562
3.61151801108772,1,1,-0.0162768150919803
4.11889213356858,0,0,1.09881034379512
1.72623869021489,0,0,1.28105152794283
4.12144198714232,1,1,-1.02245059221455
2.35405109970828,1,1,-1.16177585668865
6.43901239110634,1,1,-1.73762062898982
0.170937603683381,0,0,0.463883493261949
0.514868137614315,1,1,0.0306039253733962
2.15698396659476,0,0,0.516910552322474
-0.108494606293926,0,1,0.431947946799889
3.14559240241043,1,1,0.11777075263052
0.716192723177871,0,0,1.38680083405629
-1.74533661571975,0,1,1.31080356527265
5.94665014503506,1,1,-0.245845863322459
1.3774886933167,0,0,0.424737454835527
3.28256647827354,0,0,0.178541197772161
1.24217796426217,0,0,0.109110586261049
4.22960025133924,1,1,-0.345157013778931
3.81164063488959,1,1,-1.11218414129778
5.02075158480408,1,1,0.564665808615043
-3.28327281432416,0,0,0.207867314188783
-1.68478534083294,0,0,-0.315336038929998
2.49281416483279,0,0,1.63054735753534
-1.49723174727183,0,0,-0.603987672604932
3.26825092407091,1,1,0.00806566610715348
-1.55154238572466,0,1,0.0362294626747062
6.01223782113796,1,1,-0.21764653062908
1.70620563524437,0,0,0.838158212396083
4.36389048972354,1,1,1.8675922417255
-2.45334021284136,0,1,-1.34817012612782
3.72355829517402,0,0,1.93675480927368
0.639492632847185,0,0,0.909853451578939
0.514004242430297,1,1,-1.87040812071915
4.04103795711708,1,1,0.14387479467235
0.671135837664886,0,0,-0.306846352137055
4.34045856786696,1,1,1.48358230142352
1.93328089791005,0,0,-0.978629949052099
4.43135983584514,1,0,-0.864351689453781
0.227220241170553,0,0,-0.864719255781193
0.607526891526166,0,0,1.37093754143609
1.98736275430151,1,1,0.187687669424853
-3.70609609943173e-05,1,1,-2.77424891762585
2.21256020436443,0,0,0.0179625176276775
3.22657510420387,1,1,-1.56251323388557
3.58195631279829,1,1,0.654968765269946
4.51722864223166,1,1,2.35021978430152
5.47044509118011,1,1,-0.560182619980149
0.585819914042981,0,0,0.101989478488531
-3.50285369961733,0,0,0.19535999999379
4.44465800650794,1,1,0.25764373558585
0.42131480543475,0,0,-0.478839921873459
3.20751452790853,1,1,0.132821752018746
-1.63471476342702,0,0,-0.529236442846417
-1.02544143930624,0,1,0.44261124986252
4.08139097983095,0,0,0.689452507772513
5.22862650901755,1,1,-0.764094429266276
3.36114103552869,1,1,0.0873659964884403
2.4908446572091,0,0,1.40971153109392
5.5551591519754,1,0,-1.14109138661949
1.29091262557995,0,0,-1.64711747706384
1.33739496208363,0,0,-3.12612546259103
3.63305199151285,1,1,1.18721018660245
-0.280087833598583,1,1,-0.356714023222837
5.01574803031949,1,1,1.21223846954799
0.904889982499311,0,0,-0.693952721340296
2.7024802128106,1,1,1.35606159063857
2.62155204276701,0,0,0.905731335785151
3.02834681351319,0,0,-0.941588752255799
-0.387414119640373,0,0,-0.638584393153946
0.0910832236370867,0,0,0.483487551708313
1.13432002897307,0,0,0.758747936935796
3.56864145974137,1,1,0.426489352834208
0.118997336565268,0,0,0.361050796373508
0.455570714016617,0,0,0.505106569574291
5.75445975465785,1,1,0.662956915631954
4.65894094526993,1,0,-1.2063837266133
8.3107282954689,1,1,-0.0192839858629592
0.104321443757435,0,0,-0.43483755194595
-2.56154230695105,0,1,1.03413374999746
1.26601930097093,0,0,0.185520623831921
-1.08160597414876,0,1,-0.974735612637433
2.87816430296983,0,0,1.81410840962851
2.84923442169383,1,1,-1.23774479497207
0.478624773877418,0,0,-0.965472808875755
3.42905711900966,1,1,-0.831859966522379
4.90335354785897,1,1,2.76099971244157
3.60155230718026,0,0,0.263478173689708
3.72484475650268,1,1,-0.639062304229786
1.51371799079236,1,1,-0.129426375602313
0.494683897972378,0,0,-0.163620412882295
1.35550075481922,0,0,-0.3051041200607
3.38625071003395,0,0,-0.321383804418999
2.54282612893957,1,1,-0.85765688201553
1.35892518314749,1,1,-0.420970725968033
-4.09243188255357,0,0,-1.08726362114699
2.10287780150314,0,0,1.13607807264331
0.740118982519851,0,0,0.0154285771257972
6.23963560498002,1,0,-0.824193638679315
0.0892244901997037,0,1,0.876678067764039
1.97133888787936,1,1,-0.356272676323136
4.00658108979527,1,1,1.26775873778389
7.03751799578985,1,1,0.12882143113889
0.669801584482284,0,0,-0.316509463714991
1.18544662069221,1,1,-1.51211395210947
3.90220633066797,1,1,1.66719512048343
-1.84369796579522,0,0,-1.62720583370652
2.7130726501039,1,1,0.0322998478199625
1.63207376570843,1,1,-0.308667038457376
-0.837038342031665,0,0,-1.64702651754849
4.20508216395677,1,1,-0.824726992755689
-1.26827656285018,0,0,-0.231764201046522
1.43413293804215,0,0,-1.40929534921512
5.2260878265493,1,1,-0.489451881595667
2.41749625792942,1,1,0.622143941148231
0.367314833110048,0,0,-0.446745347181586
0.479548389188791,0,0,-0.315625655624855
-4.02514784989559,0,0,-0.771357974867309
0.235297667355558,1,1,-0.660670000313563
5.82395965123775,1,1,0.160214629823063
2.58441026057758,1,1,-0.757814970662776
5.62451261760446,1,1,1.38598118465889
1.87614751753035,0,0,0.278047859640631
0.831610526132004,0,0,-1.23463311749916
1.8553410134203,0,0,0.363641330158788
4.16850434460179,1,1,1.08686898108039
0.911873401605203,1,1,-1.72536807940424
2.99903432860511,1,1,-0.0802615916495738
1.96341044666393,0,0,0.235652766373512
-1.3446748807202,0,0,0.599016742764424
2.04117231953528,1,1,1.88043677162221
4.68589760985899,1,1,0.380434358602652
6.082723289466,1,1,1.83527664847473
0.656085037585483,0,0,-0.823294126512621
1.45353478031411,1,1,-1.350656666615
1.15455057769641,1,1,-0.889057835512844
5.06637320137208,1,1,-0.160222462794393
3.34755128070758,0,0,-0.072056965170372
-0.235782707182502,0,1,-0.698292480919823
1.13455596570163,0,0,0.675133984923037
3.99436301257554,1,1,0.995128598318977
-1.89955270023874,0,0,-0.159759705563236
4.14237572517933,1,1,-0.846555577640433
2.02319820586167,0,0,-3.06828206384738
1.73018474050009,1,1,-0.307293526977767
-0.256370869537461,0,0,-0.848014869546675
-1.30488165529233,0,1,0.984247516153845
6.66419383203774,1,1,0.743879779650814
4.01770118314962,1,1,0.0272461396138034
-1.67499887473647,0,0,-0.486786795022441
6.02699984010524,1,1,0.143642006439012
3.48685082815068,0,0,0.261067964354248
2.49980439438732,1,1,-1.24999029413128
-0.36551158712818,0,0,-1.55257237946454
1.75462403754911,0,0,-0.624421470468245
0.992480970858925,0,0,0.622722310559225
1.50614036615674,0,0,0.0721119279191423
1.22664227306733,0,0,0.271108953033582
0.77295906503196,1,1,1.24923191735838
-1.87120648230155,0,0,-0.951762924506782
4.27074250269997,0,0,0.934460065586209
1.30796071770574,0,0,1.20449184125735
3.79548925194487,1,1,0.546815744950514
3.36387635943146,0,0,0.491321166594977
5.48539682653975,1,1,0.0548609746446381
1.27436890975469,0,0,0.959684792526404
0.591063927779034,0,0,0.175586269605124
7.96551308559012,1,0,1.19085424645337
-0.159439750590807,0,0,-1.42787579329592
-2.57009023743068,0,1,-2.960838742055
2.52972656453021,1,1,-0.337466603562243
3.96982995363835,0,0,1.95476530843016
4.14172687928457,1,1,0.837603199028148
1.27972025406623,0,0,-0.65728298291829
7.82195356772025,1,1,0.973591186208813
1.43169962788798,1,1,0.512335555627882
0.479662401445487,0,0,1.87465068061779
1.62893135550141,1,1,0.902623150727421
-1.69454737109458,0,0,-0.245282086510309
-0.274439792727166,0,0,-1.0299776783218
3.260377152739,1,1,0.166650164199757
-0.0234625373134099,0,0,0.807312822277692
2.0046228382658,0,0,1.95330127020184
2.76505729973779,1,1,0.635005355330477
0.00881079810567487,0,0,0.0318480421712833
3.41666135422372,1,1,-0.376810296951107
2.58498472365661,1,1,-0.0216536748780434
2.58102729901858,0,0,0.118189709328244
4.94905650098329,1,0,0.337506558530138
3.09600199205352,0,0,1.79569825412537
-0.729418408752939,0,0,1.08358238155257
3.38780528720785,1,1,-1.30335457132661
1.64671409494897,0,0,-0.731234944944751
6.18841314059112,1,1,-0.675309478436804
2.85904714536342,0,0,0.209466003382888
4.79728668424967,1,1,0.883079431335822
6.47756289403957,1,0,0.0490746865992367
5.24477337892585,1,1,1.46960499602269
5.39901771799302,1,0,1.27305093152997
-0.970335928327496,0,0,-1.18129548488433
1.34336133458616,0,0,-1.20204642560979
4.2549157837232,1,1,1.99689516035174
0.654334834183698,1,1,-0.171335350315672
3.98134219987123,1,1,-0.524467204471823
2.87830864904516,0,0,1.39812068318121
1.52380168272789,1,1,0.648173132558533
-1.09382289544475,0,0,-1.1639804384544
4.0238777952802,1,1,-0.597802105820324
4.97250357037795,1,1,-0.855377217728272
4.26644180362134,1,1,0.14884757448026
4.99588181280728,1,1,0.291300372330968
4.08300720214741,1,1,-0.12748953065418
0.38011949234381,0,0,0.801749811795501
-0.0796441807061369,0,0,-0.314966208867851
1.3236080999018,0,0,-2.43031902608949
0.291492099933009,0,0,-1.36438118365587
0.39336333607553,0,0,0.267498225489488
2.21655568278697,0,0,-1.77871548845119
1.57327869886117,0,0,-0.411255871614469
2.43908590057707,0,0,2.62886074134743
4.11265317458748,0,0,1.39529478658383
1.39819919179228,0,0,-0.748211955050587
2.21319941864153,0,0,0.465594501550865
2.46606585314883,1,1,1.33156784073214
2.25783660010274,0,0,0.389092754593691
6.5755255739574,1,1,0.895789395960606
1.71605996774017,0,0,1.37665141436595
1.26494865044142,1,1,-1.26397861212018
6.11484959577772,1,1,-0.143482003390897
-1.4035581492898,0,0,-1.08289009953863
3.18689364876557,0,0,0.739338349496384
-1.79888931327529,1,1,0.239992723690089
2.48228023320616,1,1,-1.09169035716684
1.64419073261462,1,1,-1.4527680973857
1.09895888622538,1,1,-0.78169145663251
1.82063682145486,1,1,-0.79847980630272
-3.65302835698808,0,1,-0.718460168273473
3.61669772273434,1,1,-0.251103709532607
5.21836519316962,1,1,0.90160984079657
2.11385935743642,0,0,-0.537177192425327
4.68734989810891,1,1,1.26444164985164
2.34878951866451,1,1,0.337677623309874
3.74464746363215,1,0,-0.0547499909125068
2.11820040112237,0,0,0.418238648831698
2.06567937745171,1,1,-0.925218987665744
1.67905253550215,1,1,-0.541994400470456
0.917055286073474,0,0,-0.0856552702315856
3.49325624348885,0,0,-0.0203971465329966
-0.317621285998937,0,0,-0.559597804023691
4.32250164357431,1,1,0.554836578075976
0.713633580462983,0,0,1.18062940865942
-0.813963055913815,0,0,-0.969743115549175
3.52332219642995,1,1,-0.286564684337434
2.45635576863306,0,0,0.850792818658572
4.30795579959335,1,0,-0.171405773504695
3.83557490534614,1,1,0.511891811345361
1.97482984257317,0,0,0.70584925789929
4.1619274977985,1,1,1.356734587335
5.73545019558089,1,0,-0.891784301890928
0.640226435175134,0,0,-0.648968984054553
-0.422905113625352,0,0,0.14253646336494
-0.204508829765806,0,0,-0.731715647431931
-1.21673736299365,0,0,-0.607841111552146
2.23648826826465,1,1,1.0762231379778
0.0732609516897269,0,0,-0.576425790799455
1.32094969090392,0,0,1.09862636353976
1.24719316846481,1,1,1.4073416884128
-0.019570578120407,0,0,0.0366561519655857
3.60391852206175,0,0,1.9239186287906
0.208149342449353,1,1,-1.25501875529392
5.31798195370542,1,1,-1.19706410656688
3.17531250050821,1,1,-1.49464423164416
1.80610630833368,0,0,0.712897815726032
2.3395279129932,1,1,-0.548898564429376
2.46409374146879,1,1,0.0244372531036974
1.30810331543453,0,0,-0.430050681991786
2.60407367992037,1,1,-0.895087588134821
4.88583080885831,1,1,1.27723799726719
-1.90093508596717,0,0,-0.0876978322515305
-0.175825084374813,1,1,-2.45556219289223
-0.343989025623564,0,0,0.896467301277569
-3.21201883815304,0,1,0.755326368705535
-2.5095886709498,0,0,0.269681729309377
1.35347394424339,0,0,1.16017178240129
-0.0529516890055287,0,0,0.230170318589479
2.49012751106426,0,0,2.22542067326755
6.5752328458374,1,1,-0.866470565869161
4.04189353782022,1,1,0.747952334850916
0.287080376704514,0,0,-0.320562030631306
-0.674628006496938,0,1,-0.830560575606642
-1.82627665981545,0,1,0.244342456597531
4.96973196755007,1,1,-1.16486296972236
4.39471643956922,1,1,-0.0262460567952989
0.104714909711043,1,1,-1.29471883836515
3.46534206039177,1,1,0.190466283417043
0.932029407724641,0,0,0.502807418944926
2.98102805360459,0,0,0.815673174482617
1.83448301070597,0,0,-1.16045763119573
2.36465162121305,0,0,0.438592411762408
-1.039362294683,0,0,-0.475260266405942
-2.64596544744057,0,0,0.0401675945935811
0.429662418660464,1,1,0.915386234365251
-1.16081951927049,0,1,0.345929338680152
1.14402727802839,0,0,-1.64719362479294
3.36836142434272,1,1,-0.0833195772992678
5.12564229907111,1,1,-0.353602827073967
4.82742075855495,1,1,0.910934321819268
0.690024693716935,1,1,-0.989094636995573
6.00188819597755,1,0,-0.628349119790917
-2.63560749158397,0,0,0.749104926189909
3.51349500096817,1,1,-1.44770743439239
0.283821447913738,1,1,-0.64893548138727
4.13361641891653,1,1,1.10949564973078
0.47409385998971,1,1,-2.56138782713487
3.36405255218301,1,1,-0.888051519150197
6.65830124344175,1,1,1.13304816496594
0.0581508654981075,0,0,0.630442193123239
0.520101278887597,0,0,-0.591059539114605
-0.25281018171356,0,0,-1.34633842376103
-2.44977731730496,0,1,0.537050320878981
4.20950650805372,0,0,0.424586380819041
3.33694634255427,0,0,-0.448983034596875
1.84476189799901,0,0,-0.274513011773128
3.25348299577144,1,1,0.179935430347627
5.40685196153416,1,1,0.452076350804361
5.72933018508885,1,0,0.680015674039195
1.50799304870076,0,0,-0.62507244592418
2.12540200961978,0,0,0.717227606640691
2.39512250047397,0,0,-0.306619312087758
-0.844504005103238,0,1,0.920545040616492
2.15261869515975,1,1,-2.31095503190772
5.11581258835147,1,1,0.345497801197929
4.17082773136722,1,1,-0.2558937065193
8.09372791339074,1,0,0.974532178905807
5.24035003526311,1,0,0.800272024954448
0.96820652547743,0,0,-0.473594106469474
2.58071806682704,1,1,-0.959342642582263
2.1526990797984,1,1,-0.989347601532771
0.51412253617644,1,1,-2.07800649980206
4.60494400930206,1,0,0.818046250794619
1.47294906673155,0,0,0.816389424497437
-2.0903501273492,0,0,-0.905158134266287
5.53320632177177,1,1,0.592262636758676
5.38927119400014,1,1,0.714548546117131
1.67780132236464,0,0,1.3815417920229
2.29341136508017,0,0,-0.486275989130867
4.54645401793903,1,1,0.337212146169791
1.28803613441568,0,0,-0.645625377377398
4.9165489395956,1,1,1.43015673240866
1.97277600085166,0,0,0.308538089223252
5.52763209630055,1,1,0.278931704829655
3.15379284191037,0,0,0.228292155206748
-1.14513441338203,1,1,-1.99336453181168
1.8249424645256,1,1,-1.50017813870525
1.00099504984962,0,0,-0.651634658085591
2.70947855004907,1,1,-1.73156034235075
4.30689196410385,1,0,0.445640798065796
4.06964393801062,1,1,1.32944320893897
5.73380097113041,1,0,-0.142263200827322
0.667324503996893,0,0,-0.133638646878834
2.85257371565473,1,1,-0.0888117703288599
2.09606309105361,0,0,1.61339180907397
-0.694462652389706,0,0,0.721530935135868
3.21355750835006,1,1,1.04727700234223
4.12563152943658,0,0,0.631697908896751
0.0185214539273892,0,0,-0.462835608915607
4.79721993938907,1,1,-0.498643040977859
3.81264533239116,1,1,1.82481738623345
-1.29798390380155,0,1,0.584455563897512
4.74805016352414,1,1,0.159693209259668
1.70860223283118,1,1,-0.535832490608937
2.01777790123612,0,0,0.491414184704998
2.3033583717934,1,1,-1.66444187021867
6.55349417490463,1,1,-1.10935264097396
0.854325386461343,0,0,-0.12981543763322
0.412872653660952,0,0,-0.492138872403614
2.81385526527512,1,1,-0.590397516856788
0.371463457842986,1,1,-0.573209451248185
4.42097751741556,1,1,1.512635914679
0.231656290116096,0,0,-0.504601888538242
1.93995076626205,0,0,1.64338057290397
7.55972430810774,1,0,0.969512934963035
2.35593683199594,1,1,0.943952740205004
0.767366823647457,0,0,-0.467184967910022
4.22951588406739,1,1,-2.04974836448467
2.66235091641024,1,1,1.73747937162744
-1.53080016966713,0,0,0.28033918487374
2.48668368970001,0,0,1.34751518753312
3.3348128475378,1,1,0.500537883995335
1.11238299323957,0,0,0.669602852515611
-0.546275458393041,0,0,-0.415730377359972
4.64713787513012,1,1,-0.885232254644362
-1.53284350089757,0,0,-0.326935904355231
4.9111823742954,1,1,0.642038634585716
0.442117071977185,0,0,-0.642331767887299
1.69578187819289,0,0,-0.511399678545815
0.573345834486496,0,0,-0.62776842961771
0.530001423884996,0,0,1.38202252269753
2.68991690249653,0,0,0.901359161117073
1.63375712671442,0,0,-0.0358525010238236
2.13030400104881,1,1,-1.01111881519878
-1.47606634212063,0,1,-0.605881005366166
-1.14169234596317,0,1,0.0529330546883286
-0.745033743178287,0,0,0.236748820494176
2.98162959132793,0,0,-1.10728163695264
2.40340391630368,1,1,-1.18913854278655
2.41621979170247,1,1,-0.988761177857096
0.332231786183818,0,0,-0.190451594932855
2.0019880026898,0,0,-0.709476881296716
-2.66658302638102,0,0,-2.3409125058475
4.42442166344666,1,1,0.569894049495696
-0.612406517919586,0,0,0.0275380007739789
3.22707611233724,1,1,2.2232335068411
0.949229140146256,1,1,-1.00259006171583
3.55098939639341,1,1,0.182640088974182
5.15402958120804,1,1,0.600458605575438
4.12979670484734,1,1,0.619609246514731
0.937269025014527,0,0,1.06398913231963
-2.399505757712,0,0,-1.6897361981851
3.34092293328167,1,1,-0.0603264979954161
3.70418311416911,1,1,-0.730777736004665
2.71918528472274,0,0,0.252796339967786
4.4746960457886,1,1,-0.257853984973209
3.40160241648833,1,1,0.410061045573578
1.32832265282082,0,0,-1.3397393120534
5.63892747113343,1,0,1.36500902371425
3.24443062316253,1,1,0.908833119129858
5.80084694245044,1,0,0.213459604299012
-3.34909666825065,0,0,-0.910917579651128
-0.553563861999374,0,0,0.999769237438222
4.59727388452049,1,1,-1.90060934131921
-0.88763236035673,0,1,0.495263775262792
3.15478893864172,1,1,-0.549336689926269
-1.79418624745064,0,1,-0.657337469634312
0.735358773493189,0,0,0.944090244320368
0.934147587513662,0,0,-0.91650354386654
7.62588420827467,1,1,0.133554560754096
-1.31293998931677,0,0,-1.13256819591346
4.61283736434421,1,1,-0.342047623838268
-1.67224664068573,0,0,-0.998091210780227
1.04018276977159,0,0,0.618073107523146
2.20191575015132,1,1,0.245516201454185
0.104609348459941,0,0,1.00719557692499
5.5292138151349,1,1,-0.0603442546090456
0.130214912099065,0,0,1.22399612575605
-0.443481842444423,1,1,-0.0230371249369626
0.532666252350535,1,1,-2.03966604663038
3.018952192014,1,1,-1.37695318912014
4.08647842754201,1,1,-0.290606660617095
-4.36916105936033,0,0,0.711085675532915
1.69067730443125,1,1,1.45710476343204
4.51058794059942,1,1,0.571763475378945
2.36369766433247,1,1,0.541355562614274
1.87287957033227,1,1,1.4303151406204
1.76812072545744,0,0,-1.77328798910173
5.33092199909984,1,1,0.819141513531168
0.120117821410224,0,0,-1.17440117127908
4.50569861782511,1,1,1.21380691275284
-1.05851566009502,1,1,-0.958635811198239
0.419522973060207,0,0,0.0703430070833923
-0.871025935318607,0,0,-1.15705292973031
0.218020404780965,0,0,0.531391547892095
2.01011333840903,0,0,-0.329079735747822
5.0499716847667,1,1,-0.229793206664284
4.14260165239884,1,1,0.00767687340737969
1.99558507650575,1,1,-0.258654597457317
-2.49844068378879,0,0,0.656339682105887
1.39001449722744,1,1,0.0864034955305894
-0.674878809099776,0,0,0.814554847894138
-0.0210472623867285,0,0,0.544850476651681
-0.880400112413443,0,0,1.26776767371202
2.54174697426992,1,1,-0.650150061398748
1.71091255198487,0,0,1.12938859584775
-0.668120344377294,0,0,-1.11177815300133
4.53506720194394,1,1,-0.852194906755242
1.81554690771126,1,1,-0.695015043045522
-1.31287239792026,0,0,-0.865996966090827
3.5306789350779,1,1,0.831441252537753
3.55834812151664,1,1,-1.13411110951539
5.04283011944908,1,1,0.567419197266663
3.65702734615016,1,1,-0.469468491823083
3.18151420749751,0,0,0.275324307767121
0.465823672022944,0,0,0.0322129445655805
5.94146759012158,1,0,0.758938467022134
1.8588313357609,1,1,0.279070463578489
2.26178578172054,1,1,-0.242493779303844
0.638861346404241,0,0,0.0406032025983284
1.06910563341995,1,1,-0.641448576666786
4.30490620918462,1,1,-0.960519926700459
0.858412448611318,0,0,0.871654759463876
-0.114224299227406,0,1,-0.740468478172525
0.269048343576024,0,0,-0.302527821302559
1.33094214408524,1,1,-1.2076696773111
2.16022007248629,1,1,-1.01986021220989
0.998698233223406,0,0,-2.10527986711263
3.90412597586193,1,1,1.242410097666
6.93418586406967,1,1,1.60923356300077
-2.04147381443631,0,1,0.390033209866181
-0.610911054784358,1,1,-1.4505867915012
-1.05795078587846,0,0,-0.810521618269909
1.24870132890509,0,0,1.56044024117847
3.33695959095666,1,0,-3.14171602210361
-0.473966131076189,0,1,0.313479713939763
-1.29038098181661,0,0,-1.70669518535218
2.92417220406031,1,1,-0.535684529519175
4.10879218664968,1,1,0.434845410563609
0.750614342211155,0,0,-0.318457798906921
2.8945214921518,1,1,2.35823354984916
1.41240928839934,0,0,-0.747467968585997
0.481124311219471,0,0,0.764554834850525
2.7885186874142,1,1,0.142784536490412
2.45419811305133,1,1,-0.626951776482548
-2.70992442587702,0,0,-1.38061567709434
4.60976712081589,1,1,-1.7556612671311
3.91433640954242,1,1,-1.93552883145705
1.00180288625518,0,0,-2.11809084845302
-5.18887678427332,0,1,-0.517452406458751
-2.52315908265775,0,0,-0.695725708863401
7.32530247587935,1,1,-0.875135485587828
1.80020535410091,0,0,0.178555349297301
1.51874158925027,1,1,2.42586244465835
1.02728641505411,1,1,0.439381234401217
-0.952569010025344,0,0,-0.266038681840321
1.53883863801215,1,1,-1.81453819905451
0.558002903345207,0,0,0.202415689475887
0.870541560027341,1,1,-0.707904100576263
3.82697495043535,1,1,0.901679003158067
4.28218632697446,1,1,0.265834749522249
-1.09907563643446,0,1,-0.0619568911718992
1.35725385758301,0,0,-0.0253184967587032
0.000549004534387443,0,0,-0.65019009824906
0.898023533649982,0,0,-0.457658615770109
0.759845759825879,0,0,-0.3577304258222
1.18723676587449,0,1,0.482235442794566
5.58500415351472,1,1,0.0866016018159454
1.54824692781023,0,0,-1.0203198595322
2.0779708677419,1,1,-2.11373494734868
3.42426402370518,1,1,0.475404836767239
0.0280557868230928,0,0,0.855625574224684
5.69215863243534,1,1,0.501315382197311
3.0789076401069,0,0,-0.0373646625571663
0.737165555378086,0,0,0.000776485444794585
3.25842597523426,1,1,0.144248617043961
4.33282714048969,1,1,-0.449005965773432
2.85176995690033,1,1,0.559679019498717
-1.44553653860148,0,0,-2.65353991651631
-0.673543324615825,0,1,0.0481704153088254
-1.35937578778655,0,1,1.28442555907957
2.30892810176368,0,0,-0.461560919296712
0.14187339334507,1,1,0.100318788613909
-0.597077531538799,0,0,-1.11349388026224
1.52985925934848,0,0,-0.0261637647844682
2.80672907510178,1,1,-0.781000859312611
3.45598868146398,1,1,1.41748027844197
2.65387442788368,0,0,-0.42742062476938
3.23618923956224,0,0,0.498590367240442
3.22905852506534,1,1,0.260709150062581
1.52501963366558,1,1,-2.32042530360012
4.71909666098487,1,1,0.318639468973844
0.856228170846577,0,0,1.59617560946672
0.443797616668708,1,1,0.462132289239994
-2.32114812193889,0,0,0.127343254732353
3.46250561353717,0,0,0.0638690756625162
2.17943069732986,0,0,0.0801508291490922
-0.824512058681193,0,0,-0.0368877121332972
-1.73226651627534,0,0,0.137060055240212
5.06004444231849,1,1,1.60949041518306
2.54331959617913,1,1,-0.938681250451555
2.93357010341134,1,1,-0.0697493657664189
2.59836076194409,0,0,0.000955443396401516
3.5273498369239,1,1,-0.659232594178714
1.35919220924797,0,0,-1.61214520211075
0.0713713151596522,0,0,-0.247776282542158
3.38535008394529,1,1,-0.259480044894114
2.20642160732463,0,0,0.904138670788281
2.6241730484992,1,1,-0.954055098393845
7.38980108205774,1,1,-0.2450551429354
-0.539456128977582,0,0,-0.246843313805936
4.34430084404355,0,0,0.461919268840523
1.8685365506488,1,1,-0.744230444352698
1.03589472545089,1,1,-0.50316866840698
4.1813257342079,1,1,0.85067127673282
-0.80818735384498,0,0,-1.6193600265553
3.3581103785803,1,1,0.151788149557843
3.99650816060376,1,1,-0.221021283759817
-0.80627333882751,0,0,0.52917823817669
0.736986210629744,0,0,-2.40091229362287
3.68984774011259,0,0,0.709130574717
7.89172185727008,1,1,0.413429437302669
4.20400516839754,1,1,0.20874854491843
8.29427957289144,1,0,0.622615094964549
1.56724457528223,0,0,-0.243076632483999
-1.76326182375361,0,0,-0.765326297189236
3.31113886497199,1,1,0.167958868004068
-1.183994353903,0,0,0.69707946167818
-1.08074944080045,0,0,0.328495696214666
2.95053531447434,1,1,-0.0547396064415493
3.91744371672702,0,0,-0.90351136526584
7.00631528050961,1,1,0.553154734452345
3.61430064970713,1,1,0.758989874736025
0.985837041863496,0,0,-0.608703887345086
-0.0966808699353701,0,0,-0.391427003611557
0.212807427116491,0,0,-0.760191426030374
0.919584073430339,0,0,0.584165140103913
-0.078903455906906,0,0,0.00664668420054961
0.926430904185042,1,1,-0.51566141009615
-0.205380816412469,0,1,0.749620294506236
5.45213519048703,1,1,0.172737301002004
4.09612500189209,1,1,1.87296737055582
3.73705781186299,0,0,0.465581557994054
1.51199747880867,0,0,0.556537520646695
1.49236410293364,0,0,-0.458843210320614
-0.363104562775194,0,0,-0.0335947140774479
8.88313219634381,1,1,0.928293785240595
4.37186277283594,1,1,0.250595622642414
4.01549020585998,1,1,-0.331534390497118
0.748702238075367,1,1,-0.59188755839019
-3.06840539221584,0,0,-1.25492994203089
6.92377026156236,1,1,2.5971467378346
4.12962497429039,1,1,0.250639074239899
5.71900921675111,1,1,-1.18146496149593
0.484969310673236,1,1,0.106297974032472
-1.53355257797997,0,0,-0.539839329801425
3.04857826000937,1,1,-0.212894566175406
2.60485355215762,1,1,-0.052979054769364
2.05115511717817,0,0,-0.376868584371102
1.40741438626556,1,1,0.244832573333689
3.21685733807405,1,1,-0.0118397007047705
4.47786432396976,1,0,-0.289396420217081
6.90528540818261,1,1,1.59250664449591
2.05119818776244,0,0,-0.121374615760762
4.90786538631326,1,1,0.49962763438126
1.65890484700087,1,1,0.159126800202691
6.15821161577502,1,1,0.437123423669347
1.83003408467458,0,0,0.775915270411312
2.29012629964073,1,1,0.740122153039595
2.96477827751033,1,1,-1.35367103942288
3.80802627230362,1,1,0.0903896913609265
1.37484454546342,0,0,-2.03718225194198
1.25494248286727,1,1,0.592318412962079
-1.6042491186978,0,0,0.310890737203496
1.85542031197253,0,0,1.19687907254242
3.40176167143536,1,1,-1.58665412406568
2.53741767429273,0,0,-0.988846350704818
3.2582580437186,0,0,0.908024215500364
3.84888900491307,1,1,-0.64940009220176
-2.32101610084145,0,0,-0.483290589236804
2.37734610662592,0,0,0.537270015462541
-0.148550446717231,0,0,-0.51466453905965
-2.04839878132998,0,0,0.59532949006059
2.36443250462255,1,1,-1.23719225736758
-1.21481775550519,0,0,-0.95048170572338
-1.16408645870761,0,0,1.24559102786037
2.00350117076633,0,0,-0.843154530277911
-0.0847665184464601,0,0,-0.425433486335442
3.59139937977907,1,1,-0.848558340035549
-1.83244532845576,0,1,0.0154750284555276
-0.413391111433569,0,0,-0.0747205306591229
1.27140643702475,1,1,0.473635812718347
2.50357323274712,0,0,0.644483869264353
4.19777528079455,1,1,0.915913478911632
0.388693023179963,0,0,-0.831545099266291
-0.196219351651322,1,1,-0.182648619229022
2.00081756541345,1,1,-1.39196798306064
2.934104816012,1,1,0.708247812020126
2.80514117682455,1,1,0.188965823579383
2.45787288748946,0,0,-0.217366875576962
3.35600172339709,1,1,0.0716346264614951
4.24776311473453,1,1,0.134233555794281
-0.0892314133673822,0,1,0.153327892282654
2.37294255123588,0,0,-0.919176945068463
1.40217033249878,0,0,-0.429302279648397
1.54612009286156,0,0,1.54554313061038
-0.564111908649874,1,1,0.874231632695673
2.6400278559811,1,1,0.109296141825621
2.77400192651976,1,1,1.03952815166067
-1.68592181150198,0,0,-0.899618953368638
-0.855385372938517,0,0,-0.188491785588968
4.46501445166556,1,1,0.696998047108157
-1.74868340464613,0,0,-1.12182729171271
-1.15947667759335,0,0,1.49419398656821
1.07602056055892,0,0,-0.463913322827306
-0.27752135506074,0,0,0.590367514808984
7.21718689499735,1,0,0.597002078281723
0.73255063459013,0,0,2.06822058548301
0.441675036760454,0,0,-1.68935735987575
-0.823347660871408,0,0,0.744169874233573
3.92906488691242,0,0,-0.241762856033551
1.8994697886356,0,0,-0.171535140594553
-0.494580935717715,0,0,0.281546977289208
7.18439174681825,1,1,0.604896825745382
1.79851331897199,0,0,-0.185356662364755
1.41486796274751,1,1,0.603677369207786
7.4491735193953,1,1,2.36685948868451
-0.143059054445056,0,0,-1.51372751035493
1.06379161573997,0,0,-1.94523808522934
1.13567881882383,1,1,-0.27831932884102
-0.997281755410376,0,0,1.36427542099024
1.62055367217727,1,1,-0.462407092292754
7.17571199240317,1,1,-1.18813923309695
2.82551250666101,0,0,0.526617542687284
-2.03826968757304,0,1,0.410659421435079
-0.0184754227566102,0,0,1.6298411719069
0.177321081929026,0,0,-1.28881645601477
-0.439889034459838,0,1,0.179411061480318
6.64481678905448,1,1,0.955058224001284
-2.5831028911624,0,0,-1.50770637179599
-0.134567294992311,0,1,1.74203699856276
5.70153796588852,1,0,-1.06829417769123
2.54546600166929,0,0,0.619369965167734
5.90375920475524,1,0,0.364280821688781
2.60911636152533,1,1,1.12966010142483
-3.41225581783776,0,0,-0.22342773493178
-0.972063063319976,0,1,-0.17922392923999
1.91848728188673,0,0,1.74147063737463
3.9838624148108,1,1,0.313062773592684
3.27515249056357,1,1,0.863563135653615
4.30044081399077,1,1,0.243776037768039
4.501575272432,1,1,0.550555801699542
6.00289284787887,1,1,0.416822318832096
1.78249918374155,0,0,-0.799541433595237
-1.09690468081396,0,0,-1.28341146943566
0.79513063697258,0,0,0.670415071275013
2.82027264211342,1,1,-0.388423271902224
0.744048849952365,0,0,-0.0753122783628914
2.13107480179774,1,1,-0.38511698109532
5.64402103464527,1,1,-1.43308219571147
4.58362271059617,0,0,0.580484936381029
-0.43042275512603,1,1,-1.13785100849936
1.86966565516989,1,1,-0.269623668637099
2.26643517755234,1,1,-0.462657700696555
3.33370264370218,1,1,-0.839130656404101
5.91090757062879,1,1,1.66496606382576
1.50721872542802,1,1,0.829306964440887
2.87083499259419,0,0,-0.139861348581695
3.66618222872602,1,1,-0.455594818465735
2.04583780907756,0,0,0.373073713291738
-2.85827550473892,0,1,-0.37858168337563
-1.16252274932225,0,0,1.28229441807631
0.399950425244809,0,0,0.919545625333752
5.73713510508559,1,1,0.9865423337862
-0.257579692320513,0,0,-0.315930228241391
1.53682489834928,0,0,-0.23554203845811
0.0860401931270582,0,0,-0.719989118497427
0.194539430099011,0,0,-2.43292079831763
-0.181741773897366,0,0,-0.438538116431374
2.02288740527763,0,0,0.831543195019437
0.394015614627282,0,0,-0.101161649246299
4.9621292941754,1,0,-0.179945673908593
3.37495661639259,1,1,-0.360328186573833
2.62395896762905,0,0,-0.668160152799463
2.57031039194778,1,1,-0.361833411647274
-1.33725694494351,0,1,0.239828059316362
3.02227828952006,1,1,-0.694779265037183
3.40842873098132,1,1,0.814134396511187
2.76412621717712,1,1,-0.427324104680642
1.46870996269634,1,1,-0.412431381792378
6.27054765428513,1,0,0.0545934977958639
2.26161520656139,0,0,-0.368501526294785
0.550593184760494,0,0,0.93449224514698
2.17372819812678,0,0,-0.933514376577486
1.45149811513354,0,0,0.402861157671335
2.84415905146384,1,1,-0.911968480177307
-3.21668449246249,0,1,0.603775477417215
6.04298297450491,1,1,0.213847006364027
-0.467772945161846,0,0,-1.38067446076287
5.50624217622313,1,1,-0.799479243675173
-0.0461701491711857,0,0,0.517075947972194
0.739609170845629,0,0,0.035974204920652
4.49796042197226,1,0,-0.379209112692754
0.952617408544828,1,1,-0.574956860509058
0.167817170166994,0,1,0.740926095977368
-2.59614622313022,0,0,-1.12817088637683
2.57768151251853,1,1,-0.775467093206067
1.40557869650007,0,0,0.00907467644181048
0.82666592664434,0,0,-1.23454459126446
8.81156074333541,1,0,-0.303029515506396
-1.46136856953853,0,0,-0.317780493342574
-0.667444618160984,1,1,-1.62222403508975
2.70664190918028,1,0,-1.1374601188002
2.10140869308611,0,0,-0.243380628049777
-0.0200030254920229,0,0,1.54449147580984
-1.1128395856126,0,0,0.306066259231554
-2.12992866531922,0,1,0.320433104552515
-0.912329874669774,0,0,-0.723347451964526
1.72757443950688,1,1,0.87314561405514
6.95145777775052,1,0,0.424416779575045
0.471688748212893,0,1,1.25173667153228
-0.223078082151806,0,1,1.06448397722778
1.83550965108927,0,0,0.894792492090079
1.31617647971539,0,0,-0.780804980506557
0.123121285896173,0,0,0.212347522984554
4.37808617379531,1,1,0.477375233725461
1.58009706576113,1,1,0.423691797913307
4.55844833763115,1,1,-1.34760619676064
0.433363369090152,0,0,-0.333746645555072
7.3949035623561,1,1,1.29765187630962
7.96263713309934,1,0,-0.208059459941891
3.63702952607174,1,1,0.731345855385245
5.197560050908,1,0,0.00288316051521121
2.51860718159253,1,1,-0.992413214106951
2.82701969850922,1,1,0.963217605596277
3.12994139781741,1,1,0.713891783734494
3.16591637604686,1,1,0.116952692853247
0.769398279346626,0,0,0.213429272446516
2.83620169505243,0,0,1.3847163198548
-3.28396329498808,0,0,0.0683361190868303
2.17554124607552,0,0,0.501806881720152
0.501321005020949,0,0,1.50900072610705
2.72113015775145,0,0,0.207876643546631
-2.20901184533285,0,1,1.13354701368503
2.27317232919362,0,0,-0.516100043290474
3.99249526179614,1,1,-0.621433950661108
1.7666938532196,0,0,1.25877572324248
2.91224563859955,1,1,-2.28023434856434
-0.433803593916082,0,1,0.303905393198444
4.54111459631668,1,1,1.19604860093315
3.84713229976898,1,1,-0.0741059009908547
1.18541857529615,0,0,-0.456769697821673
5.88277750428613,1,0,-0.0100614382396705
5.58316475233669,1,1,-0.116480707298475
4.03188403204326,0,0,-0.524144177818513
-1.00838853194247,0,1,2.7570557590825
0.668200382774289,0,0,1.1366101348318
0.832834262806029,0,0,-0.106262981013317
-1.48956620496932,0,1,2.01992506208598
-0.803984119970825,0,1,1.1239227259464
1.89371582746491,0,0,-0.875498464835159
0.978495467112913,1,1,-1.32356842288703
2.26131133546446,1,1,-0.246917365174232
0.644048266931544,1,1,-1.78339718149884
7.45821791447226,1,0,2.18392171403876
3.1274404973338,1,1,-0.0333021993073024
-0.925797470045206,0,1,0.55306493140381
-0.1303633933523,0,0,-1.22096133872374
3.71255011840219,1,1,0.371614886665592
7.48917154368948,1,1,1.28702106970981
-1.18054658986124,0,0,-1.20194110790512
1.98411919811816,1,1,-1.06041046553149
2.13509614470932,0,0,0.22876835615697
6.83271054327939,1,1,0.829736379825167
4.56337649536088,1,1,-0.393263915415251
2.1297813596039,1,1,-0.587714520814017
3.90602806969983,1,1,1.42231905177148
2.04912753840838,1,1,-0.485235354596168
2.99087245125619,1,1,-1.77433475107151
5.0243046226711,1,1,0.421192660164305
6.06222004566246,1,1,1.44855365331246
5.61891767708062,1,0,0.451825800864283
1.8068621087912,1,1,0.461177976181972
4.27059648413456,1,1,1.34839006989454
1.78735028179895,1,1,0.449625298007934
4.5855593799566,1,1,0.665276643032425
5.08405634431226,1,1,2.08576692204074
0.7365567418206,0,0,0.400715948889389
1.19834592527274,0,0,-0.889412464940309
3.99741784635751,1,1,0.352548117119904
6.1938840373245,1,1,-1.17828210880175
1.03392788929965,1,1,-0.601810338627645
4.12899883612727,0,0,0.700320868935617
5.56229016058743,1,1,0.0114372875199572
5.75967295067612,1,1,1.24192156037168
-1.2744739845349,0,0,0.71753201262682
1.56650590257408,0,0,-0.0143053790194125
-0.394988563454226,0,0,-0.146501708236456
-0.342918065457876,0,0,-0.0629529721484306
5.0458577171301,1,1,-0.352497342547369
-0.192038821331389,0,0,-0.0279249014340083
3.27351818477682,1,1,1.26826053610022
2.22352170477525,1,1,-0.222626585598251
3.2609441665933,1,1,1.73593914517608
6.39707622827822,1,1,-0.345996669884663
4.74650640989353,1,1,-0.376884305170433
4.3306097353829,1,1,1.42782343559376
0.512326175947962,1,1,-1.44818153403938
-0.248276969333131,0,0,-1.6481426418834
0.622317861254762,0,0,1.04754519691266
4.01530415029107,1,0,-0.970048254275177
2.98564032383972,1,1,-0.462495641577451
1.35841148844112,0,0,0.172039205089604
0.202829130099622,1,1,-1.72860714476836
6.73063086317893,1,1,-0.0816414262638183
-0.286134998765836,0,0,-0.849849683570919
-1.54417886876711,0,1,1.5362757914873
-3.76664201461816,0,1,0.715084286827625
0.34517020500459,0,0,-1.08389685062094
3.05587473611733,0,0,0.297392921592254
2.54771116665093,0,0,0.61910021175287
0.772044356342267,1,1,-1.1603365467737
-1.7601517896033,0,0,0.860901264620598
-2.33532290057243,0,0,-1.61685572533955
2.04290791107162,0,0,-0.705697453923191
1.23991810756154,1,1,1.52619128869469
3.73727264913039,1,1,-0.0724514583945329
5.49548401258048,1,1,0.544906164891445
1.82409052416533,0,0,1.32477033234338
4.75433632351319,1,1,-0.687406479900913
1.09784132373212,0,0,0.590228333884749
2.6059252826234,1,1,-0.934530352090253
-3.99453001760129,0,1,-0.365955798276269
1.46968934427394,1,1,-1.57364488189538
3.18000975920671,1,1,0.0791389536912589
2.44101779974611,1,1,-0.406645252747477
3.00063757333638,1,1,-0.399582166737869
1.40412675963676,0,0,-0.581428300555339
-0.159748026182095,1,1,-0.765875018686036
-1.04503030211384,0,0,-1.07401030212292
0.997921818340043,0,0,-0.152316187714944
1.73796495869258,1,1,0.97346042737253
7.92398586619695,1,1,-1.23448375731235
3.77326755627173,0,0,0.487930282130375
-1.8826536323532,0,0,-0.810139002797385
-2.00400069725674,0,1,-0.468889712117164
2.45676524542641,1,1,0.928153384850955
2.83227472218698,0,0,0.6227004278216
1.88630710385445,0,0,-0.349451413600825
1.78660783254679,0,0,-0.997656819810461
2.41838334767984,1,1,-0.964182967764642
3.61983241610616,0,0,1.55958569809753
5.33626085277192,1,0,-0.737917636674756
5.58539986572782,1,0,0.563557934447543
1.39475762678995,1,1,1.63523772040453
2.99996932368543,1,1,-1.3888094318084
3.56141961966158,1,1,1.54859725552439
4.18127047793914,1,0,0.206723528247641
-0.428981105862631,0,0,-0.0611124214688963
1.1986605488348,0,0,-2.33587829122703
4.39903102858162,1,1,0.102233305055663
6.37134145579169,1,1,-0.426369218416913
1.76998117443518,1,1,-0.56375169069694
2.91000003579223,1,1,-0.106472638413762
2.81657743975372,0,0,-0.170588557147535
2.74850936869382,0,0,0.414905336641366
2.64903650318693,1,1,0.488030131482258
3.42218951043479,1,1,-1.16602915093337
1.80801717818085,1,1,-0.50460557777809
-0.0147904823707289,0,0,-1.5408147615107
4.21944939619622,1,1,0.0743268417952076
-0.572153757531046,0,1,1.36017852807546
-0.898138862287909,0,0,0.468299445185584
3.88915616664258,1,1,0.238829707128144
3.24415992829448,1,1,-0.593246568090549
2.57795066612605,1,1,1.28287266950855
6.03373790057023,1,0,0.0239336339800538
0.9644210028061,0,0,0.580780672051954
-0.277496189233985,0,0,0.0219823702704115
1.91320335961933,0,0,1.49370550388205
0.886841448761392,0,0,-1.67062652708468
3.25579264923076,1,1,-0.440276047790991
3.72688264446907,1,1,0.367741465116536
4.68996206125942,1,0,-0.217818244292422
7.24505015080896,1,1,-0.616354424644092
1.46438638313418,1,1,-1.17266134773681
2.35793879228505,1,1,-0.887915887068782
2.04042964727159,0,0,0.29426727110217
4.76210150362951,1,1,1.24751610754086
1.84820471299079,1,1,0.19259981918737
4.88731930167481,1,1,1.28749296066393
0.905056247726187,0,0,-1.07928916375279
-0.480262487881809,0,1,-0.140832878722216
-0.940690168713075,0,1,1.4482201098816
0.665830606553341,0,0,-0.861944017264132
4.07917144440219,1,1,1.05076285413564
-1.02494365582552,0,1,-0.071797326892746
2.42587486491754,1,1,0.116736620846667
4.70731530322403,1,1,0.977866508220298
-0.193158030984776,0,0,-1.03154201114503
2.16626018425754,0,0,2.19912932531649
2.85599748297764,0,0,-1.44841132676412
1.45397042508004,1,1,0.455255794615384
2.80227912237107,1,1,1.09474251337291
3.49291774044223,1,1,-0.61590631615059
0.839087887440914,1,1,-0.188314525868149
2.06145012737231,0,0,0.594557759575452
0.679567356461011,0,0,0.144910258203801
3.06869690441924,1,0,-0.866716504321091
4.37088907510047,1,1,0.900142795348714
5.74735475238675,1,1,1.52556339263204
2.45491345006263,1,1,-0.688500312065715
0.230853524141592,0,0,0.00406758252187566
4.97512367542402,1,1,0.981170134876251
-0.377895690144344,0,0,0.597888355983528
-0.469880051171067,0,0,-0.63382094315049
4.84979786299776,1,0,-0.379427027761042
-1.40780846632153,0,0,-1.40773306995483
-0.245287176164232,0,0,1.72262313800224
-2.44462774293691,0,0,0.706814647625521
1.90912552807915,1,1,-1.28304547474126
1.20763854796347,0,0,0.0824746937830665
-0.65140520732038,0,0,1.16643078129834
0.254754691097007,0,0,-0.495559599722048
0.664551167617006,0,0,-0.571426244212522
2.76038093904736,1,1,-1.16082512170248
-1.9861383914516,0,0,-1.14255991574027
0.812503858040921,0,0,-0.578520938643119
2.85141526874202,1,1,1.04058855003626
0.506629433124459,0,0,-0.85821664524264
3.19149097380866,0,0,1.51953011679363
-2.78472517425231,0,0,0.494777984985416
1.62768929121112,0,0,-0.454517716118897
-2.07802247210482,0,0,-0.93564366112576
4.04780221423648,1,1,-0.910648848298097
3.77913949617854,1,1,-1.0247380118333
2.50633613752314,1,1,0.668547058583926
4.38727105518827,1,1,0.490979367324465
3.23191074422334,0,0,0.419734429895088
3.89224270784211,1,1,-0.300479356851887
1.71854653217743,1,1,-1.10570237835454
2.37562594201163,0,0,-1.72394964823362
2.66810988828285,1,1,-0.222870848849035
3.27066064971004,1,1,1.57351547675953
3.4664952954412,1,1,0.217098714524899
-0.32694143453383,0,0,0.728334974436501
6.21283617416322,1,1,0.040991851618886
4.93916881818662,1,1,0.270655775212497
-3.3619819301772,0,1,-1.03227954861646
2.30029729285271,1,1,1.26447574493935
5.64528892108067,1,0,-0.138421076523357
0.255730066911647,0,0,-0.966235082828429
3.45681739047137,1,1,0.173635076268846
3.05060814447669,1,1,-0.0445819974617109
-3.4513999456489,0,0,-0.791059494157967
1.34179491522214,1,1,-0.782779795461971
4.42238695585898,1,1,-0.40127542286802
1.46744353041779,1,1,-1.98754573364588
4.35278668601786,1,1,0.455903964108708
2.27832998882458,1,1,-0.0343429324939708
2.52703541898789,0,0,1.6650308890279
0.373761198699004,1,1,-1.23451700083024
2.91311854189511,0,0,0.0119194876682191
-0.147697130128656,0,0,1.62515432854009
-0.153082469841892,0,0,-1.63617056681626
2.11883727392454,1,1,-0.380076700630281
1.33682382688452,0,0,-0.0655031781914363
2.81085136660719,1,1,0.204630406790098
5.57688341656533,1,1,0.525876645519499
-1.33003564597393,0,0,0.749247836634627
3.02766523279462,1,1,0.639218277315609
2.29411448816159,1,1,-1.7025907159882
4.05223787464896,1,1,0.897933962614633
3.16201142886517,0,0,1.26930996719235
3.83013151845642,1,1,0.514298228673276
3.56121463428478,1,1,-0.339008174614363
0.69690376068194,0,0,0.732951504580866
4.46496108345463,1,1,-0.49217562008695
-0.0927224098986166,0,0,-0.189167284340289
5.98853042705973,1,1,0.544156546645901
0.376631489231646,0,0,-0.701439205169098
1.03778212950152,0,0,0.281923275335301
-2.5528084272036,0,0,0.37556091148523
1.36699381187344,0,0,-1.14562056405615
2.72680203664965,1,1,1.38976054671192
-1.62235768992529,0,0,-0.478474137454336
4.43533143546853,1,1,-0.543914024563053
0.588421235180435,0,0,0.246038815262907
2.81215091931939,0,0,0.0147344472286727
2.89390768870832,1,1,0.326536132512793
5.13023074708994,1,1,0.391653013857716
3.5595925934512,1,1,1.01531523760606
3.98889937399011,1,1,-0.455490550415652
3.79324628332635,0,0,1.62063952007513
5.72299273261414,1,0,-1.54508762389
-1.04557706942365,0,0,0.891131450390672
1.99978329596175,0,0,0.912321506411722
-0.361142093093663,0,0,-0.071313686464314
3.17254004207411,0,0,1.13969595021845
4.25941641332884,1,1,-0.511801669682349
0.845560846299689,1,1,-1.03759339846523
0.703547485147496,1,1,1.2583105729071
5.92320585636693,1,1,-0.0831826946421629
1.71465470992209,0,0,-0.0339284713763022
4.77325762150813,1,1,1.73417231689702
6.49189512159946,1,0,-0.835384702689252
3.5576885406903,1,1,0.260585308855434
1.53862325599812,1,1,-0.708143095266895
3.18480841515136,1,1,0.531855028484553
0.0800062959161791,0,0,-0.848506117562596
1.80724932708976,0,0,-0.273002938915773
0.148640515026428,0,0,0.89572444152406
4.47677473292596,0,0,0.25485455780326
4.41091061358203,0,0,1.05801013087003
3.29245128622924,1,1,-0.0878634500344423
1.06144889859916,1,1,-0.618395917682794
0.734587332454815,1,1,0.374546974025935
-2.39759262874992,0,1,0.176355873377521
-1.35216901085696,0,0,-2.07071857222431
0.583311690322788,0,0,2.10119920799676
1.27962621337317,0,0,0.823036195752053
5.74371529796776,1,1,-0.466235890389742
-3.94754170631382,0,0,0.37612835340632
5.54072057952393,1,1,0.74653900087654
0.115111467272632,0,0,1.67939077918516
-0.799714004884954,0,1,-0.0305534788206206
1.82840755718535,1,1,-0.179229141536431
-0.804381579385349,0,0,-1.18603790221301
3.99785319692476,1,1,-0.76545585308753
1.50324096402113,1,1,-1.45963928945135
2.64006723667997,0,0,-0.664066027194925
5.77351774677998,1,0,-0.284670380268534
4.10565573331916,1,1,0.415210015632874
-4.96769841207282,0,0,-1.04274751588912
-0.123995842653374,0,0,0.0243136182597045
2.95743621616257,0,0,-0.574626536901372
1.33986942630322,1,1,0.141525291089753
0.859878828186791,0,0,-1.81301663083044
2.37058183318178,0,0,0.409777299526303
1.34656689547423,0,0,-0.743697835742592
5.93722308554487,1,1,-0.543880089021181
-1.58017926539496,1,1,-0.779735537125565
3.63494837093309,1,1,0.700634175976067
-0.396656581164872,0,0,-0.0230724796732728
4.09844543314898,1,1,-2.04799912709643
-0.815214612890234,0,1,1.63856257847595
2.16460609681738,1,1,0.83569273474431
-3.06296248254636,0,1,-0.162715137969377
1.32279463028278,0,0,0.637923605140886
1.8673202071234,0,0,1.14007011155612
3.57244013678866,1,1,-1.4086838454473
3.68486404352162,1,1,0.123235977455536
0.71804557755092,0,0,-1.60510925512277
-2.45311632381168,0,0,0.00452859263509742
6.17637453234678,1,1,-0.36469005060515
1.80261965643086,0,0,0.278487740406494
1.26081881440673,0,0,-1.37340897505627
2.08720573960618,0,0,-1.94503692648553
2.09612718418324,0,0,1.65115067652291
3.33936839432587,0,0,1.21296073130413
1.83298280367427,1,1,-1.19132045491312
-1.86767259597881,0,1,-0.281979797459945
-0.0144328894779,1,1,0.142131235516508
2.68429045314498,1,1,-0.177321349321397
1.70610250197653,1,1,0.971035466805161
0.65848633128789,0,0,0.524698639116952
3.3346630759651,1,1,-1.3277856195308
1.07747509238003,0,0,-0.501621533554443
4.66070699558204,1,1,-0.601094918370116
4.8707492834715,0,0,2.22472091927508
0.362096808379444,1,1,0.0204209892249668
2.49462116376913,0,0,0.449181870312489
-2.25196736522302,0,0,0.450326187701919
-1.39295231033034,0,0,-1.17182265916062
-0.788855688611421,0,0,-0.362174877096488
1.00691506877671,0,0,0.298690685485202
0.607499891361494,1,1,-0.79432536525022
4.74395913384221,1,1,1.88750742500963
4.70676219309272,1,1,0.588187897638789
5.10620758479039,1,0,1.15567927899971
7.88358407151431,1,0,-0.874387776351248
-1.27766403963677,0,0,0.258656813944025
2.91747165716964,0,0,0.05844449138118
2.54919783667103,0,0,0.822544348231614
4.08420735060447,1,1,0.456708593820783
3.81976682175962,0,0,1.09663041619604
6.14413032901861,1,1,0.162203686707886
3.75109654169951,1,1,-0.17829286698018
-0.933649189309196,0,0,1.99873573787803
0.299557782308832,0,0,1.18346393246162
2.91273928207372,1,1,2.7021261452068
-3.51804945308491,0,0,-0.545096625750545
-1.01713655636463,0,1,0.106620264033243
2.67723417674776,1,1,-0.375067021533494
0.167246309164005,0,0,-0.229612630177627
5.21898067286258,1,0,-1.19637101782143
3.82811522629361,1,1,0.198801684382543
4.93961910404485,1,1,-0.214207434152971
4.04642146129197,0,0,0.115480873617802
6.6823122768434,1,0,1.48095284220874
1.91514645178845,1,1,-1.77944391176557
0.1903463948312,0,0,-1.32011470463374
3.91155841374106,0,0,1.78462847567181
3.21345129581341,1,1,-0.667800691390652
-1.08853650749813,0,0,-0.874720995669088
-0.740910557773706,0,0,0.273902158030841
4.75312231997918,1,1,1.09381865256075
-0.772441382228351,0,0,-0.135888833958389
2.06590972725918,0,0,0.896825808742495
0.309596455996418,0,0,-0.625781694926703
4.86953409137704,1,1,1.78281181807593
1.73169390306984,0,0,-0.44628954106314
2.79994465551619,0,0,0.56506835640516
-0.669694056905046,0,0,-1.34383498629717
1.46777084393498,0,0,-1.01195265220205
-2.63387025297163,0,1,-0.138476920189261
-2.06372281421413,0,0,1.37301257847713
-2.06548256502588,0,0,-0.101229696267992
6.02460433857702,1,1,1.27060175432264
1.94445952725849,1,1,-2.04048913888286
-1.81211569050267,0,0,0.670141691049779
5.80751215553582,1,1,-0.0308976536168781
1.8731223580844,1,1,0.166804689323578
0.984001533547122,1,1,0.663030432185571
2.46173364197587,1,1,-1.27026010302828
1.54333004545165,0,0,0.467488592012456
0.940145690253623,1,1,-2.25243172192792
0.479772495375078,0,0,-1.08037269431935
-0.249087158245014,0,0,-1.0892328121207
1.62657418614874,0,0,0.088443827205291
-0.811047863752655,0,0,1.04482026695987
7.05972871557164,1,0,-1.10573398412324
5.49963477552814,1,1,-0.835428300051867
2.80796321044604,0,0,0.474259782415276
1.14566582417585,0,0,-0.716436562892913
0.560732011602273,1,1,-0.344331281880113
2.3110811304628,1,1,1.09639265407741
3.10571153769904,0,0,1.50174844364695
6.02756926526218,1,1,0.984292365486186
3.51722739319091,1,1,0.0868085310687654
0.916612012478743,1,1,-1.94330360974693
1.60450604148252,0,0,-0.373213383156696
3.92862618685247,0,0,1.60493949778224
6.282043517705,1,1,0.0130377447295218
1.84466725726683,1,1,0.57006361865935
3.83270840288113,1,1,-0.0163787070377962
4.85501631945478,1,1,0.77204766261945
1.57479922587921,1,1,1.34397897855924
3.47214272529265,1,1,-0.843671220975003
0.797091640114025,0,0,-0.25538938591676
0.84437326243872,1,1,-0.464180867041343
1.6780224349623,1,1,-1.11965966675984
1.00993735867858,1,1,-1.10524197631166
2.87495043650036,1,1,-0.855044183719374
-0.790087794848095,0,1,0.0334979012296731
0.946209610401125,0,0,0.194691598169698
3.98251331549879,0,0,2.32977108878519
-2.53112338147926,0,0,-1.27252671010127
1.64596474628623,0,0,0.426753114129259
1.1041429191783,1,1,-0.135401731193374
-1.82515316937111,0,0,-0.748781389096654
-0.143420360518954,0,0,-0.883731213489036
4.59828589416991,1,0,-0.0836337578508737
-2.1475143418899,0,1,-0.545709500437642
-0.883718854417921,0,1,0.43680137612301
5.46683467632379,1,0,0.0617021175146943
-0.618261710239475,0,0,-0.188299567666544
1.53913508541849,0,0,0.47990287867425
4.3868701410721,1,1,0.771344156990476
-0.0339558037892963,0,0,-0.967731459168919
2.2303291142618,1,1,-0.673070021503705
3.04792987969111,0,0,0.242577478874255
5.49007433375577,1,0,-0.611007279046554
1.0156713043737,0,0,0.239618948887494
-0.0259263577912453,0,0,1.35289579644461
1.72140248735037,1,1,-0.590724972387008
0.285491111429081,0,0,-1.00147283174936
-0.042534005039253,0,0,-1.3344589514433
3.05719092355855,1,1,-0.753627015975953
0.853243060955181,1,1,-1.03551501093753
-2.8884029933229,0,1,-0.225655764053199
-0.189109982932588,0,0,-0.794256839531356
2.25354459092995,1,1,0.688836309848471
0.61406486791304,0,0,-0.788063952538943
6.10251685500671,1,1,1.83803577897405
4.28252008044809,1,0,-2.56241991941222
2.91228601147342,1,1,0.963268689134208
2.96838227120588,1,1,-1.55946642376118
0.934227888670144,1,1,1.39808346692515
0.19640196026549,0,0,-0.729625058144749
1.83491909011809,1,1,-0.768942952913968
3.46739170975617,0,0,-0.425157040841089
-1.60052039936673,0,0,0.391784358240839
3.1727366485849,1,1,0.0724904113649067
0.941123192293732,0,0,-1.28990713112575
